1,0,	RT @spardaxyz: Fadli Zon Minta Mendagri Segera Menonaktifkan Ahok Jadi Gubernur DKI https:\/\/t.co\/KH5vIRwPdO";
2,0,	RT @baguscondromowo: Mereka terus melukai aksi dalam rangka memenjarakan Ahok atau Ahok gagal dalam Pilkada.";
3,0,	Sylvi: bagaimana gurbernur melakukan kekerasan perempuan? Buktinya banyak ibu2 mau foto bareng #DebatFinalPilkadaJKT";
4,0,	""Ahmad Dhani Tak Puas Debat Pilkada, Masalah Jalan di Bekasi Belum Sempat Terungkap https:\/\/t.co\/m3HopPLUID\u2026""";
5,0,	RT @lisdaulay28: Waspada KTP palsu.....kawal PILKADA https:\/\/t.co\/OOoERQV4SM";
6,0,	""@felixsiauw masih bnyak hal agamis yg bisa dibahas, kenapa ke pilkada terus, apa tingkat keimanan anda cuma sebatas pilkada????""";
7,0,	@saidaqil apa maksud pernyataan. Anda? Apa anda mengaminkan kriminalisasi Ahok?? Hati2 jg dg mulutmu pak! https:\/\/t.co\/H4ODVaY0Md";
8,0,	Ahok Akan Integrasikan Transportasi Publik dengan Sistem Single Ticketing\u2026 https:\/\/t.co\/42PH7pqV0b #infoTribun";
9,0,	""Ahok mampu melawan korupsi di ibukota, bangun infrastruktur, mencoba memperbaiki dengan berbagai trobosan dan works well.""";
10,0,	""Awasi Kecurangan Pilkada, Agus - Sylvi Pakai Aplikasi Ini https:\/\/t.co\/xWZW4nUFIU""";
11,0,	""Bisa gak kita seperti Jokowi dan Ahok? Aku kalem, kamu tegas saling melengkapi. :')""";
12,0,	""Bos mau makan di istana ga, Di undang noh makan di istana Gebang tapinya https:\/\/t.co\/ns6cUYCpUj""";
13,0,	Cuti Habis Ahok Jadi Gubernur DKI Lagi? Pengamat: Jangan Mengada-ada | Republika Online https:\/\/t.co\/T3kzvq9E4e";
14,0,	Debat terakhir Pilkada DKI Jakarta digelar Jumat malam. https:\/\/t.co\/e9ixz6Jllr";
15,0,	Demonstran FPD Malteng Desak Bawaslu Hentikan Sementara Tahapan Pilkada Maluku Tengah";
16,0,	""Dulu Didesak Berhentikan Ahok Ngeles Usai Masa Cuti Pilkada, Sekarang Kampanye Mau Habis Kemendagri Ragu-ragu https:\/\/t.co\/92ss4trDcX""";
17,0,	""Gila gara2 pilkada, beberapa tokoh menampakkan watak aslinya.""";
18,0,	Gontor Izinkan Santrinya Pulang Kampung Nyoblos Pilkada DKI | Republika Online https:\/\/t.co\/JhNOT8ecNz";
19,0,	""Gubernur non-aktif DKI Jakarta, Basuki Tjahaja Purnama atau Ahok, berencana merombak struktur jabatan pegawai... https:\/\/t.co\/cdKEZxF9xO""";
20,0,	HEBAT .. !!! Imam Besar Masjid Istiqlal : Kalimat Ahok 100% Tidak Ada Penistaan AGAMA .. !! SEBARKAN";
21,0,	""Ibu2 aja, kalo beli telor pake milih2 sblm ditimbang. Pdh telor kan mirip2. Ibu2 itu tahu, telor ada yg busuk""";
22,0,	Ini Jawaban Ahok Saat Ditanya Terkait Persiapan Debat Pilgub Terakhir Besok https:\/\/t.co\/S6rlsAR7Y9";
23,0,	Ini Pesan Ahok di Hari Pers Nasional #KitaPastiPernah https:\/\/t.co\/h0L6mrjM3R";
24,0,	Istighotsah Bersama Ahok Catut Logo NU https:\/\/t.co\/U2rPY3C25R";
25,0,	Itu yang ngomong jangan pilih Ahok Djarot pernah ngerasain banjir ga sih? :(";
26,0,	Iya aja deh dripada hoax...";
27,0,	Jadi teringat para pelacur.belia yg dijual orang tuanya.sendiri di pantura.demi sesuap nasi https:\/\/t.co\/X5DdR7m693";
28,0,	jadi yg nyebar hoax ketahuan dong ada akun twitter nya lho";
29,0,	Mpok @sylviana_murni-nya tolong Mas @AgusYudhoyono";
30,0,	Ke Bidara beli mangga. Pulang nye liwat Slipi. Jangan lupa ingetin tetangga. Untuk milih Agus sylvi. #7HariLagiMilihAHY #AgusBersamaUlama";
31,0,	Serius tapi ada selipan hiburannya \ud83d\ude06\ud83d\ude06\ud83d\ude06 #pilkadadki2017 #DebatFinalPilkadaJKT";
32,0,	Sylvie sukses blunder bikin paslon 1 drop elektabilitasnya dengan fitnah dan spin salah pilih kader #DebatFinalPilkadaJKT";
33,0,	Ahok: mari berlomba program #DebatFinalPilkadaJKT";
34,0,	#DebatFinalPilkadaJKT aduh... Kecewa pertanyaan paslon 1....";
35,0,	RT @agusdansylvi: #DebatFinalPilkadaJKT Saya pilih nomor 1. Sektor informal akan dimajukan mas Agus dan Mpok Sylvi.";
36,0,	RT @JTmor: Ahok pilihan terbaik untuk Jakarta";
37,0,	RT @augustfrankto: #DebatFinalPilkadaJKT Bu Silvy curhat karena pernah dimarahi sama Pak Ahok...hehe..";
38,0,	Mantap pak AHOK #DebatFinalPilkadaJKT";
39,0,	Ahok gagah kaya gatot kaca! #DebatFinalPilkadaJKT";
40,0,	Telaaaakkk nomer satuuuu. Nghahahaha #DebatFinalPilkadaJKT";
41,0,	Lomba adu program #DebatFinalPilkadaJKT #SkakSilvi";
42,0,	#DebatFinalPilkadaJKT Denger banyak program dan janji dan sering tau pas jadi ga dijalankan rasanya males aja sih.";
43,0,	DEBAT CAGUB DKI ke 3 - 10 Februari 2017 - Segmen 3 Mantap Ahok SKAK Sylviana Murni\n\n#DebatFinalPilkadaJKT";
44,0,	Pertanyaan Ibu Silvy rada maksa.. #DebatFinalPilkadaJKT";
45,0,	""Tanggal 15, pas pilkada nanti sy gak akan milih siapa-siapa ah!""";
46,0,	""Saya pribadi bakal prefer kok muslim dengan kapabilitas, tetapi lihat kondisinya Ahok menjadi pilihan plg realistis buat kemajuan DKI""";
47,0,	""Yang mendukung Mas Anies bukan berarti anti Pak Ahok, begitu Pula sebaliknya""";
48,0,	Spanduk Tolak Salatkan Pembela Penista Agama juga Muncul di Kalibata https:\/\/t.co\/Sr1PbYtigN";
49,0,	#DebatFinalPilkadaJKT Telak banget anjir ngakak!";
50,0,	Ayo berlomba program jangan fitnah2 #DebatFinalPilkadaJKT";
51,0,	RT @deelestari: Akhirnya nggak ngantuk lagi! Yeay! #DebatFinalPilkadaJKT";
52,0,	Duh dibilang ga punya program paslon 1... kesian kesian kesian ... #debatfinalpilkadajkt";
53,0,	""Tuntut Keadilan Bagi Penista Agama, Puluhan Jawara Betawi Ikuti Aksi 212 Jilid II https:\/\/t.co\/HWVuoZyYov""";
54,0,	Keras nih ahok #DebatFinalPilkadaJKT";
55,0,	Paslon 3 Anies Sandiaga Uno 15 Feb 2017 Utk Jakarta Indonesia Raya OK OCE";
56,0,	Sesuai namanya: RONDE FINAL\n\n#DebatFinalPilkadaJKT";
57,0,	""Mendagri Tambah Pusing, Ketika MA Emoh Keluarkan Fatwa Status Gubernur Penista Agama https:\/\/t.co\/J34aMQiMNi""";
58,0,	Tolong adu program";
59,0,	Genderang perang makin kencang #DebatFinalPilkadaJKT";
60,0,	Mpok sylvi udah mulai emosi \ud83d\ude02\n #DebatFinalPilkadaJKT";
61,0,	Some people gabisa bedain kasar sama tegas. #DebatFinalPilkadaJKT";
62,0,	Beliau para pemimpin hebat Indonesia! Kita bangga https:\/\/t.co\/NAWbps9Xpt https:\/\/t.co\/5cC2U9AIEv";
63,0,	@InformasiDKI mungkin bu silvy jg pengen foto sama pak ahok hihihi #DebatFinalPilkadaJKT";
64,0,	#DebatFinalPilkadaJKT Mulai saling serang deh";
65,0,	RT @InaKinoy: baca ini dulu lah biar mendinginkan suasana #DebatFinalPilkadaJKT https:\/\/t.co\/Em9GCKc4qe";
66,0,	ayo berlomba program jgn pitnah doank.. #DebatFinalPilkadaJKT #BadjaPastimenang";
67,0,	RT @qronoz: Pokoknya kalo Ahok udah ngomong: Aduuuuuuh KELAR. #DebatFinalPilkadaJKT";
68,0,	Senjata makan tuan #DebatFinalPilkadaJKT #DebatFinalDKI";
69,0,	Ahok kekerasan verbal? Masa koruptor dielus2 #DebatFinalPilkadaJKT";
70,0,	RT @qronoz: Gak ada program yang mau diserang yang diserang karakternya. AHaY! \ud83d\ude02 #DebatFinalPilkadaJKT";
71,0,	Terkait Jakarta tak Ramah anak apa tanggapan Pak @aniesbaswedan https:\/\/t.co\/ufA55UWBcI";
72,0,	emang OK OCE anies dan sandi dalam mengatasi urbanisasi dan lapangan kerja #DebatFinalPilkadaJKT https:\/\/t.co\/BrCeCZSkux";
73,0,	Suporternya mulai kampungan paslon masih ngomong jg ...... #DebatFinalPilkadaJKT";
74,0,	Mulai seru ni #DebatFinalPilkadaJKT";
75,0,	#DebatFinalPilkadaJKT nangis nangis ketonjok lagi";
76,0,	RT @Kafyonaa: JADI DEBAT TERAKHIR NANTI MALAM PILIHANMU JATUH KE PASLON YANG MANA? #DebatFinalPilkadaJKT #Debat3PilkadaDKI";
77,0,	RT @magendajuang: Wkwkwk udah dah pilih Anies Sandi aja :) #DebatFinalPilkadaJKT https:\/\/t.co\/hMXhjyHBnJ";
78,0,	fitnah lebih kejam loh dari pembunuhan #DebatFinalPilkadaJKT";
79,0,	mari #debatsehat. jangan coba pakai #datasesat. #DebatFinalPilkadaJKT #DebatFinalDiKompasTV";
80,0,	""RT @prastow: Apapun itu, keberanian Ahok membongkar mafia anggaran menjadi tonggak penting menuju APBD yg kredibel dan akuntabel.""";
81,0,	RT @SydSalesman: inilah wujud nasional-is-me dagangannya @pandji ... hebat! https:\/\/t.co\/0fYIG6c2xl";
82,0,	Pak dosen makin keliatan aslinya :(";
83,0,	RT @gabriellaanDini: Dulu di awal kampanye bukannya uda deklarasi anti SARA??? Tadinya gw pikir no.3 lebih mending dari no.1";
84,0,	#DebatFinalPilkadaJKT mateng mpok Silvy di bombardir Pak Ahok... jawaban cerdas Pak Ahok..";
85,0,	#DebatFinalPilkadaJKT mohon tenang";
86,0,	Yg no.1 nih ngomongin hal yg di luar program mulu ya. Ngga ada bhan ya bwt serang lawan.. Cape dehh! #DebatFinalDKI #DebatFinalPilkadaJKT";
87,0,	Cinta pak Ahok pokoknya #DebatFinalPilkadaJKT";
88,0,	#DebatFinalPilkadaJKT nggak cuma ibu2 yang pengen foto sama Ahok bapak2 juga lho";
89,0,	Mas Agus saya akui malam ini....rambut kamu bagus! #DebatFinalPilkadaJKT";
90,0,	RT @republikaonline: Ahok Janji Berani Tutup Tempat Hiburan Malam yang Jual Narkoba";
91,0,	Agus-Sylvi sisipkan bahasa jawa saat debat https:\/\/t.co\/fGTfXgaINx";
92,0,	""RT @hariadhi: Ahok udah perhatikan penyandang disabilitas, jauuuh sebelum kandidat lain berjanji #NobarAhokDjarot #BadjaPastiJuara""";
93,0,	Ahok keren!!! #DebatFinalPilkadaJKT";
94,0,	Gimana ya Tim Ahok kok makin disudutkan(?) Mungkin karena ini final kali y";
95,0,	Nih fakta buat yg asbun. #BadjaPastimenang #DebatFinalPilkadaJKT";
96,0,	Siap-siap meme CCTV. #DebatFinalPilkadaJKT #Debat3PilkadaDKI #DebatFinalDKI";
97,0,	Nyinyir tingkat nasional #DebatFinalPilkadaJKT";
98,0,	Drama bgt itu :(( #DebatFinalPilkadaJKT";
99,0,	Ini judulnya Debat atau nyerang paslon 2 ?????? #DebatFinalPilkadaJKT";
100,0,	Lha kok menyerang gitu ya #DebatFinalPilkadaJKT";
101,0,	Debat sama berantem beda tipis #DebatFinalPilkadaJKT";
102,0,	Orang tegas dibilang maki-maki orang -_- #DebatFinalPilkadaJKT";
103,0,	1 atau 2 perempuan berbeda dengan kaum perempuan #DebatFinalPilkadaJK";
104,0,	mantap OK OCE anies sandi dalam mengatasi urbanisasi dan lapangan kerja";
105,0,	RT @WisnuDewobroto: Ga seru nih. selalu mengungkit masa lalu :). kekerasan Verbal semua pernah lakukan manusia biasa. #DebatFinalPilkadaJKT";
106,0,	satu perempuan bukan semua perempuan #DebatFinalPilkadaJKT";
107,0,	#DebatFinalPilkadaJKT Pertanyaan paslon 1 dpt dikategorikan sbg kekerasan dalam debat.";
108,0,	@jokowi pak maafkan saya. Biarkan malam ini saja saya memposting ujaran kebencian. Hanya malam ini saja pak xoxo #DebatFinalPilkadaJKT";
109,0,	Semoga Allah memenangkan pak Anies-sandi https:\/\/t.co\/sns0rXRw3f";
110,0,	#DebatFinalPilkadaJKT non muslim coblos Ahok muslim coblos Djarot. Bagaimana?";
111,0,	#DebatFinalPilkadaJKT *pemimpin harus dapat ciptakan suasana damai tentram dan bukan adu domba atau hasutan";
112,0,	Saya bertanya kepada Bapak Presiden dan Kapolri OK OCE tuh apaan? #DebatFinalPilkadaJKT";
113,0,	Keliatan banget keberpihakan media #DebatFinalPilkadaJKT";
114,0,	RT @di_HatiKecil: Bagus nih ilustrasinya #DebatFinalPilkadaJKT https:\/\/t.co\/zAQLqrBiUF";
115,0,	RT @rezaoktovian: Ahok terlalu keren :')";
116,0,	isinya timeline twitter cm pilkada.. membosankan sekali..";
117,0,	Mohon tenang mohon tenang #DebatFinalPilkadaJKT";
118,0,	ah diulang. Jawabannya bisa beda kan? #DebatFinalPilkadaJKT";
119,0,	Perasaan bukan pertanyaan itu deh yg td dijawab om @aniesbaswedan audionya ga keluar atau ia ya? #DebatFinalPilkadaJKT";
120,0,	Boleh tinggal di pinggir kali meski bukan tanahnya boleh jualan di pinggir jalan";
121,0,	RT @rigenz123: Sehatkan Warga DKI Melalui #JakartaBerlari Barulah Pembangunan Dapat Sejahterakan Warganya. #DebatFinalPilkadaJKT";
122,0,	kalau kamu diputuskan pacar tanpa sebab mungkin program OKE OCE bisa jadi solusi nya #DebatFinalPilkadaJKT";
123,0,	Melibatkan yang paham pada bidangnya untuk duduk bersama memecahkan solusi. Cara kepemimpinan yg cerdas ! #DebatFinalPilkadaJKT";
124,0,	Justru laki-laki lah yang sering mengalami kekerasan verbal. Berapa kali dirimu dimarahi istrimu..? Ayo ngaku.";
125,0,	RT @TirtoID: Soal gerakan-gerakan ala @aniesbaswedan #PeriksaData #DebatFinalPilkadaJKT";
126,0,	Mayoritas warga Jakarta ingin dipimpin Gubernur baru. Emang iya? #DebatFinalPilkadaJKT";
127,0,	Paslon 1 selalu nyerang paslon 2 ni #DebatFinalPilkadaJKT";
128,0,	RT @JktMajuBersama: Upaya Anies-Sandi untuk mendukung perempuan menjadi pelaku UKM :) #DebatFinalPilkadaJKT";
129,0,	Salah satu indikator meningkatnya kualitas hidup warga Jkt adl terus bisa tersenyum seperti Pak Djarot malam ini";
130,0,	Tontonan yg wajib ditunggu sehabis #DebatFinalPilkadaJKT";
131,0,	""RT @ainouun: Pak Ahok : penyandang disabilitas bukan hanya mereka, suatu saat kita juga bisa jadi. #DebatFinalPilkadaJKT""";
132,0,	""RT @tribunjateng: Saat Jeda, Ahok dan Djarot Sapa Ganjar Pranowo dari Atas Panggung""";
133,0,	@Boojaee sayang hyung cuma pencitraan :* wkwk";
134,0,	""@kurawa Msh inget sm ibu penjual kue di balaikota, cm Pak Ahok yg tau klo si ibu sakit, ibu itu langsung diurus ke rs. Ini bukan pencitraan.""";
135,0,	Biar jajan naik sejuta https://t.co/veZ5PXxDfr";
136,0,	bio gw belum diganti astagfirullah rusak pencitraan cewe cantik";
137,0,	#MataNajwaDebatJakarta Ya ampun udh closing statement msh aja commentnya ky gitu ya";
138,0,	Hah uda closing statement?? Cepet bener?? #DebatFinalPilkadaJKT";
139,0,	RT @digembok: #DebatFinalPilkadaJKT kali ini keren.Biasanya ada sesi tanya-jawab Kali ini ada SESI CURHAT";
140,0,	Ketiga paslon gagal menjawab pertanyaan yang jawabannya harus memuji kebaikan paslon lain";
141,0,	Mari berjuang bersama SBYudhoyono utk memenangkan #SaduddinDhani di #PilkadaKabBekasi2017 #BekasiSAH #BekasiBerjaya";
142,0,	""Jikapun aparatur bisa dibeli, kyai dan santri oplosan dibeli. Masih ada yng ASLI, siap MELAWAN KETIDAKADILAN https://t.co/riloAH9gAd""";
143,0,	Pasangan mana yang unggul dalam debat kandidat Gubernur-Wagub DKI Jakarta Malam Ini?";
144,0,	""Keberagaman itu datang dr hati terdalam, bukan dr pencitraan #Tetap3 #JKTBeragam""";
145,0,	""Membangun bangsa dan negara ini engga cukup dengan metoda pencitraan saja ,tanpa teruji lewat rekam jejak dan integritas tokohnya""";
146,0,	""RT @adelladellaide: Bersikap baik dan menjaga prilaku di depan umum bukan berarti pencitraan, bukan pula """"menjadi orang lain"""".""";
147,0,	""RT @FiersaBesari: Saat jujur, ada yg curiga. Saat berbuat baik, ada yg menuduh pencitraan. Saat bahagia, ada yg iri. Abaikan.""";
148,0,	""Umat Islam yg peduli agama mrk, tentu tdk akan tergoda dg trik2 konyol seperti ini, InshaAllah umat Islam sdh sadar https://t.co/PFH1MPsKFO""";
149,0,	""#AniesIntoleran \nAnies Baswedan, tak lagi memiliki integritas dan kredibilitas sebagai seorang pemimpin. https://t.co/rv053Gt4j8""";
150,0,	@agusriyadi12345 Apakah perlu semua berita ahok harus menggunakan penista agama. Misalnya Penista agama sedang kampanye di Jakarta pusat.";
151,0,	""@agusriyadi12345 Apakah tidak sadis, jika semua berita tentang ahok, judulnya diawali degan Terdakwa penista agama bukan menggunakan nama?""";
152,0,	""@Altefalken kemarin kan ada berita tentang penyakit mengingitis dari Babi, mksd gw apa nyambungnya sama ahok?""";
153,0,	@ISejunnie @AHMADDHANIPRAST artis korea bisa world tour ahmad dhani bisa ?";
154,0,	""@HaqueMarissa ,, ahok di jakarta , daging babi di bali apa hubungan nya ya??""";
155,0,	""Ahmad Dhani Bangkrut Ditagih Utang Melalui Video, Mantan Istrinya Jadi Janda Kaya Raya: Hampir setahun berlalu, https://t.co/22InRwRR26""";
156,0,	""Ahmad Dhani Sentil AHOK, eh Sandiaga Uno cengar cengir.!: https://t.co/vhDAAa3ShI melalui @YouTube""";
157,0,	Hehhee.. Makanya jangan mengagumi sesorng berlebihan.. Kecuali kepada Rasulullah.. https://t.co/ZXVB2DiRMg";
158,0,	#MataNajwaDebatJakarta acara uda abis menurut kalian debat sapa yang betul-betul memaparkan prog dan solusi?";
159,0,	Mereka (koruptor) meletakkan kitab suci ditempat paling rendah...tapi masih sok jadi pemilik kapling surga... https://t.co/oj5YN3WBeI";
160,0,	RT @99Ohhani: Woww dukungan Rakyat Palestina ke Ahok yg ditudu1,bg penista Agama ?? mrk Mengelu2kan Ahok !!!Ahok is The Best https://t.co/";
161,0,	Pencitraan di socmed itu boleh-boleh aja. Tapi harus bisa tanggung jawab sama citra yang udh dibikin. Jangan sampe jadi malu-maluin. Kasian.";
162,0,	RT @kompascom: Kasus Kicauan Ahmad Dhani Dilimpahkan ke Polres Metro Jakarta Selatan. https://t.co/uJ0m7JernN";
163,0,	RT @kv_kahfi: Komplit bgt yaaaa..... Heran nya msh aja yg percaya dan idolain dia https://t.co/PNTYRAnaJO";
164,0,	RT @m0th3rb04rd__: bagaimana keadilan bisa tercipta jika si penista agama belum di vonis penjara\n #BerjamaahTolakReklamasi";
165,0,	""RT @TeddyGusnaidi: Bro.. Kalau yg dimaksud Fatwa Penista agama, MUI gak pernah mengeluarkan Fatwa. https://t.co/x9uXhqJKCa""";
166,0,	RT @TeddyGusnaidi: Sidang hari ini makin menguatkan bahwa Ahok bukan penista agama.. Ada yang bisa bantah?? \nhttps://t.co/2Ksj4snR1t";
167,0,	""Sebut Ahok Bukan Akademisi, Ahmad Dhani: Secara Intelektual, Lebih Intelek Bang Anies https://t.co/YrzfmMV1LG""";
168,0,	""Yg melakukan Penista Agama sesungguhnya, agama yg suci digunakan alat untuk mengejar jabatan (kekuasaan) https://t.co/hKvZIpm8ZS""";
169,0,	""Kalah di Pilkada Bekasi, Ahmad Dhani Jadi Juru Kampanye Pasangan Anies-Sandi https://t.co/oIZpN8hYnd #NenengYes https://t.co/FGOhKhXWxt""";
170,0,	#MataNajwaDebatJakarta Bravo closing statement Anies malam ini.kalau nggak ada debat saya nggak mungkin nonton mata najwa sdh lama tdk suka.";
171,0,	""#MataNajwaDebatJakarta jawaban terakhir Anis jadi bikin ingat jawaban dia pas debat kemarin, """"jawaban anda menarik tapi tidak nyambung""""""";
172,0,	""#MataNajwaDebatJakarta buzzer ahok lagi kerja keras nih,.ayo kerja2 tar gajian ga turun""";
173,0,	#MataNajwaDebatJakarta kerendahan hati dan lawan kerendahan hati kelihatan banget..";
174,0,	#MataNajwaDebatJakarta kok gaya pak @aniesbaswedan kayak SBY ya?";
175,0,	""#MataNajwaDebatJakarta kenyataannya si anis nyaman bgt dgn isu sara kok , kan nguntungin anis , pura2 sok bijak pdhl menikmati isu sara ,""";
176,0,	#MataNajwaDebatJakarta nyesel liat debat tidak bermutu cuma bisa mencela..";
177,0,	#MataNajwaDebatJakarta.kesimpulan: Saya tdk rela punya Gub seorg Anies dan sy percaya Ahok akan menang. Salam 2 jari.";
178,0,	@ibnusungeb ahoker panas dingin ahok kalah debat Sama Anis. #MataNajwaDebatJakarta";
179,0,	Ada yg tahu ga backsound penutup mata najwa ini siapa musisinya dan apa judulnya? #MataNajwaDebatJakarta";
180,0,	""#MataNajwaDebatJakarta p ahok apapun hanya Utk rakyat, p anies tkt dicurangi... Ngerti bedanya..""";
181,0,	""@MataNajwa mantapppp Mata Najwa diskusi lebih hidup dan mendidik,,, jauh berkualitas di banding debat yg selenggarakan KPU""";
182,0,	""@MataNajwa mbak najwa..ayo """"ketengah"""" lagi sedikit..jgn terlihat ke kiri, dgn meminta terus pak anies cpt2 menyelesaikan kalimat2nya..""";
183,0,	""Dan soal soal ribut-ribut pribumi vs non pribumi yang ramai di beranda saya itu, sebenarnya maksudnya apa? ikut...""";
184,0,	""Sedih liat pak anies saat ini, tokoh yang dulu saya kagumi kenapa jadi seperti ini ",') #MataNajwaDebatJakarta"""
185,0,	Awal sp akhir @aniesbaswedan bisanya cm serang pribadi @basuki_btp gak ada program yg perlu dibanggakan #MataNajwaDebatJakarta";
186,0,	Gimana nih om @pandji pasti ikut gedeg juga kan dengerin retorika ga ada wawasan. Tapi gimana udah terlanjur ya. #matanajwadebatjakarta";
187,0,	Haduhhhh Pak Anies.. Terus pendukung anda yang didatengin ke Jakarta itu dari mana pak? Dari luar jakarta kan #MataNajwaDebatJakarta";
188,0,	Haha anies pendemo2 dr jawa barat kok ga ngomen. Takut kalah ya haha #MataNajwaDebatJakarta";
189,0,	#MataNajwaDebatJakarta pak uno habis 62M istrinya ga marah ya pak? Saya mo beli sepatu 300rb aja istri saya marah2 pak";
190,0,	""#MataNajwaDebatJakarta jangan suka menyerang, ini bukan perang,. mengapa ingin ibadah harus menyerang orang..""";
191,0,	""#MataNajwaDebatJakarta Paslon 3 serang terus dengan membawa2 hal2 yg biasa menyerang, tp Paslon 2 tenang menjawabnya""";
192,0,	""Aahhh akuh sedih, akuh org depok ternyata ngga boleh ke jakarta pak mANIES jahattttt #MataNajwaDebatJakarta""";
193,0,	""#MataNajwaDebatJakarta saludd utk mata najwa, berbobot sekali perdebatan malam ini..""";
194,0,	Jadilah orang yang bertanggung jawab atas segala tindakan anda. dengan demikian anda akan menuai hal yang positif. #SidangAhok";
195,0,	""Menurut Anda, apakah #SidangAhok Dugaan Penistaan Agama dgn Terdakwa @basuki_btp murni isyu Pilkada DKI Jakarta atau murni demi Islam???""";
196,0,	Semua kejujuran akan mendapatkan pahala dari surga. Sabar ya Pak Basuki #FreeAhok https://t.co/NlgbEcj4Jc";
197,0,	Jadilah orang yang bertanggung jawab atas segala tindakan anda. dengan demikian anda akan menuai hal yang positif. #SidangAhok";
198,0,	""#MataNajwaDebatJakarta terima kasih telah memberikan pendidikan demokrasi pada rakyat Indonesia, khususnya Jakarta.""";
199,0,	""Keberagaman itu datang dr hati terdalam, bukan dr pencitraan #Tetap3 #JKTBeragam""";
200,0,	""Membangun bangsa dan negara ini engga cukup dengan metoda pencitraan saja ,tanpa teruji lewat rekam jejak dan integritas tokohnya""";
201,0,	jangan ada keberpihakan dalam badan hukum karena itu akan merusak demokrasi #important #MataNajwaDebatJakarta";
202,0,	""Jika lo bisa menceritakan kembali kalimat2 yg dilontarkan Anies di @MataNajwa dgn bahasa lo sendiri, lo luar biasa. #MataNajwaDebatJakarta""";
203,0,	""kalau liat sosmed, Pak Ahok menang telak. Namun sayang, hanya kata-kata manis lah yg diserap bbrp warga kecil. #matanajwadebatjakarta""";
204,0,	Seharusnya mah basuki sudah bebas ya kan? #FreeAhok https://t.co/Mw3k0vYweF";
205,0,	""Kenapa debat @MataNajwa ini, Ahok makin keliatan diatas angin ya. Kliatan dia sangat menguasai problem solusi tata kelola Jakarta.""";
206,0,	Kalau lihat Ahok itu kayak lihat power rangers merah";
207,0,	Kesimpulan. Ahok spt biasa fokus detail ke program. Anies terlalu fokus menjatuhkan lawan #MataNajwaDebatJakarta";
208,0,	""pertunjukan yang sangat membuat saya serius dan gak mau diganggu, selamat untuk pak @aniesbaswedan buat gagasan nya #MataNajwaDebatJakarta""";
209,0,	Jangan berpihak...melayani rakyat dengan sepenuh hati..Tuhan yang memberi kekuasaan.. Tuhan yang mengambil..-ahok#MataNajwaDebatJakarta";
210,0,	Pak Ahok jangan blunder dong Pak..dari tadi udah bagus. Pertanyaannya komitmen menerima hasil kontestasi. #MataNajwaDebatJakarta";
211,0,	jangan ada keberpihakan dalam badan hukum karena itu akan merusak demokrasi #important #MataNajwaDebatJakarta";
212,0,	""Jika lo bisa menceritakan kembali kalimat2 yg dilontarkan Anies di @MataNajwa dgn bahasa lo sendiri, lo luar biasa. #MataNajwaDebatJakarta""";
213,0,	""Kenapa debat @MataNajwa ini, Ahok makin keliatan diatas angin ya. Kliatan dia sangat menguasai problem solusi tata kelola Jakarta.""";
214,0,	Kiranya Jakarta semakin baik. Selamat berjuang buat Pak Ahok dan Pak Anies ! #MataNajwaDebatJakarta";
215,0,	Masihkah Ahoker debat soal program? Jlebb.. KO kena uppercut Anies soal KJP. Pergubnya blm di rubah.. @roemahdjoeang @NetizenTofa @cepot234";
216,0,	RT @alysap_: Semua penganut agama harus dapet hak yang sama - Ahok #MataNajwaDebatJakarta";
217,0,	""Aku heran kenapa ilklan kampanye #AhokDjarot yg terbaru itu begitu, ini aku loh yang bingung bkn akuang,asiang, atau aming #IklanAhokJahat""";
218,0,	Abis nyoblos streaming video perkembangan Pilkada 2017 pake #SisaKuotaGakHangus dari @IM3Ooredoo kuota ga habis deh";
219,0,	muslim sedang diuji di negara yg mayoritas Islam..semoga kita smua bisa bersabar dan menahan utk tidak berbicara kasar sbg balasan";
220,0,	Kiranya Jakarta semakin baik. Selamat berjuang buat Pak Ahok dan Pak Anies ! #MataNajwaDebatJakarta";
221,0,	""RT @grcllafrn: Pak Anies, inget, apa yg kau tabur itu yang akan kau tuai nanti... jadi takut sendiri :"""") #MataNajwaDebatJakarta""";
222,0,	RT @kompascom: Bagaimana metode penarikan sampel hitung cepat yg dilakukan Litbang Kompas dlm Pilkada DKI Jakarta 2017? Simak disini";
223,0,	""mnding diem aja pak @basuki_btp semua pergerakanmu pasti disalahkan, klo wktunya menang ntar jga menang.... #IklanAhokJahat""";
224,0,	RT @netmediatama: Perbincangan menarik di Quick Count Pilkada 2017 bersama @irakoesno. #NETPilkada https:\/\/t.co\/odbVw4uWMr";
225,0,	Bersyukur menutup kampanye hari ini dengan berdoa agar PILKADA DKI Jakarta pada 15 Februari 2017 berjalan dengan lancar";
226,0,	Julia Perez Kecewa Gagal Nyoblos Pilkada DKI 2017 di TPS 15 RSCM https:\/\/t.co\/vajPLioiek";
227,0,	Disediakan Ambulans untuk Pasien Mencoblos pada Pilkada DKI 2017";
228,0,	RT @miekarinayam: Saya bertanya apakah saya memang tak boleh ikut Pilkada 2017? Apakah saya kehilangan hak saya yg dijamin konstitusi?";
229,0,	Ya Allah! Anis dan Sandi bakal jadi Gubernur DKI Jakarta terpilih di tahun ini";
230,0,	Domisili gue di Jakpus bela-belain ke TPS yg berlokasi di Jakbar dgn bermodal e-KTP buat ikutan Pilkada 2017.";
231,0,	RT @netmediatama: Presiden @jokowi menggunakan hak suaranya untuk Pilkada DKI Jakarta 2017 di TPS 4 Gambir Jakarta Pusat. #NETPilkada";
232,0,	""RT @boelatboelat: agree pak @basuki_btp kekuasaan itu Tuhan yang kasih, walau dijatuhkan, Tuhan akan menaikkan :) #MataNajwaDebatJakarta""";
233,0,	""RT @AzzamBarbarossa: Akibat Nila Setitik Rusak Susu Sebelangga, Akibat Mulut Oknum Tak terdidik Rusak Juga Persatuan Bangsa. #IklanAhokJahat""";
234,0,	""Mudah-mudahan Novel baswedan tidak alami kebutaan pada matanya. Kalau sampai buta, saya siap mendonorkan mata saya untuk dia.""";
235,0,	""Mengapa mereka melakukan ini, apakah bisa merubah keadaan bagi para pemilih nanti ? #IklanAhokJahat""";
236,0,	RT @hariadhi: Siapa yg salah? Ahok? Iklannya? Bukan.. yang perlu diprotes adalah orang yg benar2 pake spanduk itu #IklanAhokJahat https://t";
237,0,	Sampe sekarang gue blm ngerti dp rumah 0% itu gmn skemanya. Trs emg ada ya perbankan yg mau ngasih kredit rumah gak pakai dp? #debatfinalpilkadadki";
238,0,	""#debatfinalpilkadadki Bagi Anies gubernur adalah pemimpin, bukan administratur / pelayan masyarkt. Padahal melayani mencerminkan integritas.""";
239,0,	""Kalimat Penutup Anies Ambisius, Ahok Minta Maaf, Karakter Tidak Bisa Bohong. #DebatPilkadaDKI #DebatFinalPilkadaDKI""";
240,0,	""pertunjukan yang sangat membuat saya serius dan gak mau diganggu, selamat untuk pak @aniesbaswedan buat gagasan nya #MataNajwaDebatJakarta""";
241,0,	""RT @BelaQuran: Kami tdk akan terprovokasi dgn sentimen dan jualan SARA mu itu, karena kami cinta Indonesia #IklanAhokJahat""";
242,0,	Semakin umat di suguhkan #IklanAhokJahat maka akan semakin terlihat siapa yang menebar kebencian terhadap kerukunan antar umat beragama";
243,0,	Hampir semua polling Anies - Sandi yang menang. Semoga hari H nya juga demikian. #AniesSandi";
244,0,	RT @anjisudirman: @fahiraidris Yg iklankan kampanye ahox adalah yg sama sebarin spanduk syariah dan brosur black campaign. #IklanAhokJahat";
245,0,	""Oke Oce akan menjadi brand dimana, semuanya menjadi OKe Oce, bahkan nanti ada kampung Oke Oce #debatfinalpilkadadki""";
246,0,	""RT @BelaQuran: Sungguh sgt mengherankan, mengkampanyekan kebhinekaan tp dengan menyebarkan Islamophobia, kebhinekaan yg mana yg dimaksud?""";
247,0,	""Debat Final Pilkada DKI Jakarta, Siapa yang Gagap, dan Siapa yang Tepat Menjawab - Adjat Sudradjat""";
248,0,	""Jika persoalan pemimpin hanya dikaitkan dengan lisan, maka apa bedanya gubernur dengan anak-anak? #MataNajwaDebatJakarta""";
249,0,	Cerita Djarot ini diharapkan membuat para pendukung tetap berdamai. #debatfinalpilkadadki #temanahok #AniesSandi";
250,0,	""Cuman mau bilang sama yang serius banget ngetweet pakai hastag #IklanAhokJahat """"Gitu aja baper"""".""";
251,0,	Ira Koesno Didekati Anies-Sandi Lalu Marahi Pendukung Paslon Saat Debat Pilkada DKI";
252,0,	""Alhamdulillah ya Allah SWT Semoga jakarta punya gubernur baru yg lebih bersahaja, bersahabat utk semuanya #AniesSandi""";
253,0,	Jelang larut semalam. Diskusi dengan aktifis Golkar tingkat kelurahan. Siap bergabung dalam pemenangan #AniesSandi";
254,0,	RT @alayyubichoir: Sosok Anies Sandi harus diakui sgt mengayomi. Sangat kompeten utk membangun kerukukan & kebhinekaan di Jakarta";
255,0,	RT @nielchen99: Ngomong manis memang gampang giliran kerja bingung #MataNajwaDebatJakarta";
256,0,	19 April adalah saat yang penting bagi warga Jakarta untuk menentukan masa depan Ibukota";
257,0,	""RT @maharanisinta70: terimakasih Pak Anies pemaparantentang DP 0 ,memberi solusi bagi warga jakarta yang ingin punya rumah dan tidak nyewa terus.""";
258,0,	""Yang aku perhatikan, Tim Mas @aniesbaswedan sibuk ngoceh tentang @basuki_btp dan programnya. Kenapa gak ngurus diri sendiri?""";
259,0,	""kalo pilih gubernur yg jujur, kerja nyata,anti korupsi,tegas,pinter,mlyani rakyat iklas & peduli pilih ahok djarot,..""";
260,0,	RT @anies_sandi: Bisa merangkul dan menegakkan hukum. Kepemimpinan itu hadir dengan memberikan contoh & perbuatan - @aniesbaswedan";
261,0,	""Hasil kerja Ahok Djarot sungai di Jakarta kembali normal, bersih dan enak dipandang""";
262,0,	""Ahok & Anies sama baiknya kok, sama bagusnya, sama okenya. Siapa yg kepilih yg menang tetap rakyat jakarta""";
263,0,	""Semoga pak basuki bisa jadi presiden,agar Indonesia lebih maju.""";
264,0,	""Allah SWT tdk butuh anda. Tapi Anda yang butuh Allah,Rezeki, hidup matimu. Allah yg tentukan. Mau khianati Allah? yakin gak nyesel? #SidangAhok""";
265,0,	#SidangAhok dilanjutkan dengan rekaman yang memuat kampanye Ahok di DPP Nasdem dan juga Pulau Seribu. | @adrieedu https://t.co/8P5P4DUcFG";
266,0,	RT @JanurOmank2626: Ahok harus bebas demi hukum demi keadilan demi kelanjutan perbaikan DKI. Semoga hakim mmpunyai sense of justice";
267,0,	Pembangkit Listrik Tenaga Panas Bumi Terbesar Dunia.. #CitiPeka #SidangAhok #Tebak2anHajiDjarot https://t.co/KtXdXZsh8H";
268,0,	""RT @findririn: Dan toleransi itu, ketika muslim bisa menjalankan perintah agamanya, dan non muslim juga bisa menjalankan agamanya.""";
269,0,	""RT @findririn: Walaupun artinya teman setia, seharusnya lebih dihindari kalau jd pemimpin""";
270,0,	Semua kejujuran akan mendapatkan pahala dr surga #FreeAhok";
271,0,	Seharusnya mah basuki sudah bebas ya kan? #FreeAhok https://t.co/Mw3k0vYweF";
272,0,	""RT @RuridaJihandari: Itu sidang apa drama korea sampe 20kali, lagi menunggu sidang ahok season 2 nih... Kayaknya goblin mah kalah pamornya""";
273,0,	""Menurut Anda, Transportasi Online manakah dikatakan """"tarif murah, aman & nyaman"""" melayani ???""";
274,0,	Nelayan Jakarta Sudah Disiapin Pulau Khusus oleh Pemda DKI #LunchBreak #SidangAhok";
275,0,	Adakah Potensi Radikalisme di Pilgub DKI Jakarta? #LunchBreak #SidangAhok";
276,0,	""RT @NovenStjK: Siaran ulang #AhokDjarotDiRosi malam ini, saksikan yuk di @KompasTV #AhokDjarot #Temanahok""";
277,0,	""cuma org"""" yg salah saja yg takut dgn doa itu,anda salah?? kenapa takut??? bertobatlah sebelum doa itu dinyatakan,""";
278,0,	Selamat Pagi met aktifitas happy weekend Semoga kita jadi orang jujur biar hidup slalu mujur Aamiin #FreeAhok";
279,0,	""Ahok dituntut 1 tahun penjara. Kemungkinan akan divonis bebas. Masalahnya, warga DKI terlanjur kehilangan pemimpin terbaik. #FreeAhok""";
280,0,	Alhamdulillah tuntutan jaksa hanya 1 tahun masa percobaan 2 tahun yg artinya sbnrnya jaksa mengakui kalo Ahok itu tak bersalah #FreeAhok";
281,0,	Kalah atau menang #tetapahok. Terimakasih krn banyak ngasih pelajaran bagaimana kerja keras utk rakyat dgn bersih.";
282,0,	""Pilkada Serentak, Megawati Hanya Minta Jangan ada Intimidasi dan Politik Uang https:\/\/t.co\/zHhvJ4qrrY""";
283,0,	#thw911 Saat Anies-Sandiaga Minta Doa Ustaz untuk Debat Pilkada https:\/\/t.co\/2odlrYteU1";
284,0,	Jangan pernah lelah mengabdi untuk Indonesia Pak @basuki_btp. #TetapAhok!";
285,0,	""@LaitsSaja Jika Menang, Anies Siap Rangkul Paslon Lain Jika menang dalam kontestasi Pilkada https:\/\/t.co\/KG40YTelWX""";
286,0,	@LaitsSaja TNI-Polri Bersinergi Jaga Keamanan Jelang Pilkada DKI TNI dan Polri terus bersin https:\/\/t.co\/HP77I9lffG";
287,0,	@novie_wednes72r Bismillah Inshaa ALLAH Agus Sylvi menang Pilkada DKI 1putaran dan jadi pemimpin yg amanah dan mencintai rakyat jakarta.";
288,0,	Trima kasih pak uda bikin jakarta lebih baik selama bapak menjabat....";
289,0,	@nu_online sikap yang jelas dan tegas demi ketertiban dan keamanan ibu kota negara menjelang pilkada dki jakarta";
290,0,	Rencana Tuhan lebih baik dari rencana manusia. Mungkin Ahok bs bekerja kebih baik di posisi lain";
291,0,	walau kalah tp aku tetap merasa terhormat mendukung BADJA #TerimakasihAhok";
292,0,	Basuki TP Ahok Wawancara informal dengan wartawan Balaikota: https:\/\/t.co\/g7iB5H5RUL";
293,0,	""Terimakasih Pak Ahok @basuki_btp #tetapahok karena kita memang siap kalah, dan selamat buat Gubernur baru""";
294,0,	LUCU !! Yuk Melihat AHOK Promosikan Musik Dangdut Kepada Tamu Mancanegara";
295,0,	""Minggu Tenang Pilkada, Ahok Fokus Kerja di Balai Kota: Peresmian-peresmian RPTRA CSR ditunda.""";
296,0,	MANTAB !! AHOK dan Pemprov DKI Jakarta Terjunkan Alat Berat Untuk Keruk Sampah di Waduk Pluit";
297,0,	Pagi Ini Polrestro Bekasi Gelar Pasukan Pilkada https:\/\/t.co\/ypRv5nNjSb";
298,0,	Pak @basuki_btp saya hanya bantu menyampaikan. Sbg orang2 di sekitar Pak Ahok bisa menyampaikan ke beliau. @kurawa. #BlusukanAhok #Gue2";
299,0,	""pak ahok kalau anda jadi gubernur jangan lupa anda harus bangun provinsi Jambi buat lahan petani semua, dan jln kreta api jambi, riau, lampung""";
300,0,	Partai Nasdem Optimis Menang di Pilkada Serentak 2017 https:\/\/t.co\/EOAzcxai94";
301,0,	""biar kalah, tetap bangga. Sabar n iklas menerima nya. Masih bnyak jabatan lain untuk pak ahok. #TetapAhok""";
302,0,	Sabar n iklas ya pak. Apa pun hasil nya. Kita tetap dukung. Di mna pun/jabatn apa pun yg bpk emban nanti. #TetapAhok";
303,0,	""Wlaupun kita tak kenal,saya yakini slama ini kamu tlah bkerja kras tuk sebuah nilai yg diperjuangkan.""";
304,0,	""RT @ahokdijegal: Kita mgk bs mendukung dia dlm hal kejujuran dan niat baik utk melayani warga, tapi gantiin dia dlm hal pekerjaan""";
305,0,	""Puluhan Personel Brimob Nunukan Diberangkatkan, Amankan Pilkada di Dua Provinsi""";
306,0,	@basuki_btp sing sabar pak.. Simpen energi bapak untuk bagian lain Indonesia... Gusti Allah mboten sare pak...";
307,0,	""Karena saya memilih dengan sehat maka saya kompensasikan dengan sarapan pagi yang, uhm, secara umum gak sehat. IMPAS""";
308,0,	""RT @Aktualco: Mahfud MD Heran, UU Pemda Sangat Jelas Tapi Mendagri Keukeuh Pertahankan Ahok""";
309,0,	""RT @AlissaWahid: Tuips, Ibu Sinta Nuriyah tidak pernah mengeluarkan pernyataan terkait pilkada DKI""";
310,0,	RT @AmaliaAmelCute2: Lebih tambah jatuh hati deh jadinya Tak bisa berpaling ke pilihan yg lain Tetap ke pak ahok -Djarotlah yg terbaik";
311,0,	""RT @AnakBaranusa: Yoi... Yang Jelas Pemenagnya itu hanya satu pasang calon, buka dua apa lagi tiga. 1, 2 dan 3 memiliki Peluang yg sama""";
312,0,	""RT @AT_AbdillahToha: Aksi 112 tampaknya akan diubah jadi zikir pilkada. Sejauh yg saya tahu, zikir adalah ibadah dekatkan diri ke Allah.""";
313,0,	""RT @blogdokter: Janganlah karena pilkada dan kepentingan politik sesaat, persahabatan dan persaudaraan kita terputus | Kita adalah saudara.""";
314,0,	RT @Brani2000: Pilkada di Beltim di kampung sendiri ahok hanya 33% suara. Di Babel kalah telak. Pilkada di DKI? paling cuma 3% suara";
315,0,	RT @digembok: Ya allah... Beneran... Pak ahok akhirnya samperin si emak...";
316,0,	""Terimakasih Pak @basukibtp untuk 5 tahunnya, 3 tahun sbg wakil gubernur & 2 tahun sbg gubernur!""";
317,0,	""RT @eliya_mkom: kesimpulannya tuips, mari kita menangkan Agus Sylvi SATU Putaran, gak perlu pakai 2 putaran segala, cuma habiskan waktu""";
318,0,	Dan selamat atas kemenangannya untuk bapak Anies & Sandi. Semoga Jakarta bisa bersatu lagi";
319,0,	Bangga masih memiliki putra bangsa seperti pak Basuki dan pak Jarot.";
320,0,	""Temen-temen, apapun pilihannya, masih ada kehidupan setelah pilkada. Mari saling merangkul & saatnya Jakarta maju dan bahagia bersama.""";
321,0,	""Selamat atas status barunya pak #Aniessandi, semangat ya pak, semoga semua sesuai dengan janjinya""";
322,0,	""Pak ahok @basukibtp tetep semangat yaaa, saya akan selalu menghargai kerja keras bapak dan saya ucapkan selamat atas kemenangan paslon nomor 3 yaitu #AniesSandi!""";
323,0,	Terima kasih pak ahok pak djarot kami bangga perna di pimpin sama bapak berdua...tetap semangat...sukses terus pak";
324,0,	Terima kasih Pak Ahok-Djarot telah bersama kami beberapa tahun ini";
325,0,	RT @FerpuAdvocates: Sumarsono: Gaya Pak Ahok yg Kerja Keras Patut Dicontoh dan itu Bagus!!!";
326,0,	""RT @Franstone888: Klo semua mau jujur dan pake hati nurani, Ahok adlh yg terbaik buat Jakarta. Gubernur yg jujur dan benar2 perhatian pd warga""";
327,0,	Pak Ahok the best aku salut sama pak orang nya sabar dengan cobaan dari tuhan Pak Ahok is the best";
328,0,	""RT @hariadhi: Makasih Pak Ahok, sudah ajarkan kami makna peduli sama rakyat. Andai di masa depan saya dpt kesempatan""";
329,0,	RT @IpungLombok: Hadeuuuh.. Kenapa jadi gaduh gini Pilkada DKI ya... Padahal Pilkada serentak 2015 lalu aman aman saja?";
330,0,	""RT @MbakNevi: Masyarakat Transportasi Jakarta dukung Ahok-Djarot, https:\/\/t.co\/7fdwk8XvCB""";
331,0,	""Saya sudah tidak tertarik melihat Debat Pilkada DKI, namun ada yang menarik. Salah satu Cagub sering mengepalkan tangan pada saat menjelas""";
332,0,	Semangat terus. Maju terus di dalam TUHAN. God Bless you more and forever bpk ahok dan family";
333,0,	""Selamat bertugas pak Anis, semoga Jakarta menjadi lebih baik lagi!""";
334,0,	""@aniesbaswedan @sandiuno selamat ya pak, kami tunggu program terealisasi. Jangan kecewakan Jakarta""";
335,0,	Saya selalu mendoakan yg terbaik untk bapak dan bapak juga mendapatkan banyak ucapan dari saudara di gaza palestina";
336,0,	Selamat untk bpk @aniesbaswedan & @sandiagauno atas kemenangannya. Semoga allah memberkahi disetiap langkah yg bapak ambil aminnn salam3jari";
337,0,	RT @netmediatama: Mereka telah siap berikan yang terbaik di ajang debat terbuka!";
338,0,	Pak anies dan pak @sandiuno selamat ya sudah terpilih jd gubernur dan wagub Jakarta.";
339,0,	RT @PartaiSocmed: Kejahatan perbankan yg di spin oleh tim AHY untuk kepentingan pilkada";
340,0,	RT @swamediumcom: Agus-Sylvi Diprediksi Maju di Putaran Kedua Pilkada DKI versi Survey GRP";
341,0,	RT @temanAhok: Alhamdulillah sambutan antusias warga di tiap blusukan pak Ahok selalu real. Ngga ada settingan.";
342,0,	Sampai detik ini pak ahok masih harapan terbesar saya #prayforjakarta";
343,0,	Tuhan punya rencana yg indah buat Pak Ahok dan Pak Djarot";
344,0,	Selamat dan terima kasih banyak untuk pak Ahok dan pak Djarot yg sudah menunjukan bahwa negara ini masih punya orang2 baik";
345,0,	Terima kasih pak atas segala kebaikan untuk jakarta yang sudah kalian tancapkan di hati warga jakarta";
346,0,	Pasti bapak anies sandi kemungkinan besar menang";
347,0,	""Terima kasih. Kepada pendukung kami, percayalah... Tuhan tahu yang terbaik. #JakartaPunyaSemua""";
348,0,	Gubernur dan wakil gubernur terbaik yang pernah jakarta miliki.";
349,0,	""RT @triwul82: Jelang Akhir Masa Tugas, Plt Gubernur DKI Akui Kinerja Ahok https:\/\/t.co\/04ihgI5cwZ""";
350,0,	RT @Wolfcrime: Pendukung yang Telah Dibaiat tapi Tak Pilih Agus-Sylvi Akan Terima Risikonya";
351,0,	Mutiara tetap mutiara Pak Ahok Djarot. Tuhan pny rencana yg lebih da1,yat utk Bapak ber2 utk Indonesia. Maju terus.";
352,0,	Tuhan percayakan hal yang lebih Besar lagi kepada Pak Ahok selain hanya menjadi Gubernur Dki jakarta.";
353,0,	I LOVE YOU PAK AHOK.AKU HANYA BISA BERDOA SEMOGA TUHAN MEMBERKATI. SALAM 2 JARI UNTUK PA AHOK I LOVE YOU";
354,0,	Survei Terbaru: Anies-Sandi Melejit Jauh Tinggalkan Ahok-Djarot https:\/\/t.co\/2IHhuzPsbF";
355,0,	Aku akui pak ahok itu tangguh sekali dan apa adanya";
356,0,	saya selalu mendukung dan berdoa untukmu ahokdjarot terimakasih";
357,0,	Meski Badjˆ tak lagi menjadi pelayan rakyat...kami selalu berdoa terbaik buat Badja. Kami bangga pernah memiliki kalian.";
358,0,	Mudah2han pak ahok jadi nomor satu di Indonesia";
359,0,	TPS Paslon Pilkada DKI Akan Dijaga Ketat";
360,0,	saya bukan penduduk jakarta. tapi saya kagum pada sosok ahok dan jarot.allah memang punya rencana lain.selamat pada beliau";
361,0,	Pak anies tolong bongkar lagi masjid yg di bangun pak ahok di daan mogot";
362,0,	Yang blm pada move on mending bsk piknik aja mumpung long weekend hehehe";
363,0,	Semoga bapak bisa meneladani sosok bang yos gubernur jakarta yang sangat cinta @persijajkt";
364,0,	""Pemimpin yg baik pemimpin yg mengerti akan jiwa pemuda, lanjutkan pak @aniesbaswedan""";
365,0,	kami disini mendulungmu untuk jakarta yg maju bukan hanya ekonomi nya tapi juga prestasi sepakbola nya";
366,0,	""Negara kita negara BHINEKA TUNGGAL IKA. jadi ga liat pemimpin dengan agama ,ras ,budaya""";
367,0,	pak @aniesbaswedan kami disini mendulungmu untuk jakarta yg maju bukan hanya ekonomi nya tapi juga prestasi sepakbola nya";
368,0,	Gw yakin suatu saat pasti Pak @basuki_btp akan ada patungnya sebagai tanda jasa entah itu di indo atau di madame tussaud.";
369,0,	""Doa itu sebaiknya yg baik2. Karena Tuhan juga baik. Klo doa jelek jahat, akan berbalik ke diri yg mendoakan loh""";
370,0,	""#badja Jakarta tidak butuh kalian lagi, tapi Indonesia menunggu untuk pengabdian kalian.""";
371,0,	""Artikel saya untuk Mas @pandji. Dari reklamasi, penggusuran, DP 0 Rupiah, OKE OCE, hingga """"figur pemersatu"""".""";
372,0,	""#BesokGueAhok Karena Terbukti Dan Teruji Dari Segi Kerjanya,Ahok Untuk DKI Jakarta Lebih Baik Kemudian #TetapAhok""";
373,0,	""ga tinggal di Jakarta sih, tp 1 rumah ngotot banget dukung Pak @basuki_btp!""";
374,0,	Semangat Pilkada! Untukmu pilihanmu dan untukku pilihanku #tetapahok";
375,0,	""Tapi perbedaan vital di reklamasi sama perumahan, justru gak bisa berkutik sama sekali.""";
376,0,	""Sabar dulu jgn tergesa2 nagih, beliau belum dilantik baru bulan Oktober nanti.""";
377,0,	Pak @aniesbaswedan knpa ngga mampir dulu ke tempat saya. Orangtua saya ngefans bgt";
378,0,	Semoga @persijajkt lebih maju dengan adanya gubernur era baru.";
379,0,	Tetap di masyarakat jakarta dan selalu membuat jakarta lebih baik.Dan hasilnya pun sudah terbukti";
380,0,	saya sebagai masyarakat jakarta salut terhadap kepemimpinan pak ahok.";
381,0,	Semua sayang ahok. Saya berharap ahok bisa jadi presiden selanjutnya bersama pak jokowi.";
382,0,	Bukan lagi milik jakarta lagi ahok tapi milik kita untuk membangun jakarta lebih baik";
383,0,	""Pak Ahok, jadi cagub di Bekasi aja ya pak... Bekasi mau dipimpin orang seperti bapak, biar ada perubahan lebih baik @basukibtp""";
384,0,	Kekalahan Ahok adalah kemunduran peradaban di Indonesia. Selamat datang radikalisme. Akal sehat sudah tidak ada dinegara ini.";
385,0,	""Semangat pak ahok , bapak sudah berjuang sekuat tenaga dan sudah berusaha melakukan yang terbaik, terima kasih pak""";
386,0,	Terima Kasih pak sudah mengabdi dijakarta dengan segudang permintaan warga.";
387,0,	""Mungkin ada kata kata yang menyakitkan ya pak, tapi semoga itu menjadi semangat untuk bapak kedepannya.""";
388,0,	Walaupun bapak tidak menang. Tapi saya menikmati kerja keras bapak selama menjabat. Terima kasih untuk bapak ahok.";
389,0,	miris ya pak ahok...sukses slalu buat my idola pak ahok";
390,0,	""Gue lebih suka Ahok bantuin Jokowi ngurusin Indonesia agar lebih cepet maju, bukan hanya Jakarta.""";
391,0,	""Pak kok saya pngn peluk bapak sambil bilang """" pak tetap semangat ya, saya selalu mendoakan yg terbaik untuk bapak""""""";
392,0,	aya bukan warga jakarta tp saya sering ke jakarta.....saya bangga jakarta pernah di pegang bapak. Jadi rapih pak sekarang.....";
393,0,	Maka seyogyanya pilihanku #TetapAhok karna terlihat pencerahan pd sistem birokrasi.";
394,0,	Pak ahok tetap menjadi gubenur dihatiku ....";
395,0,	Dari lahir di Jakarta sampe detik ini baru gue liat kali & pintu air Manggarai bersih dari sampah ya pas jaman Jokowi sampe Ahok. #TetapAhok";
396,0,	Gpp kalah. mungkin belom rejekinya ya pak. Bagi kami bapak tetap pemimpin yang jujur. Tetap berkarya nyata";
397,0,	""Selama 20 tahun tinggal di Jakarta, baru 5 tahun terakhir benar-benar terasa perubahan dan sadar kalau itu akitbat gubernurnya.""";
398,0,	Aku cinta Pak Ahok. Terimakasih ya Pak atas jasa-jasa dan kerja nyatanya selama 5 tahun terakhir.";
399,0,	Tetap semangat pak ahok.... terimakasih atas semua yg anda berikan untuk jakarta. sukses selalu buat pak ahok.";
400,0,	Pak ahok kita tetap mendukung apapun yang terjadi";
401,0,	Terima kasih banyak buat kinerja keras dari Pak Ahok dan team selama memimpin DKI Jakarta. Tetap semangat selalu Pak. God Bless Bapak & Family.";
402,0,	""Bapak ahok sosok yang saya banggakan, terimakasih pak sudah merubah jakarta.""";
403,0,	""semoga pak ahok selalu dlm lindungan tuhan, saya sayang sama pak ahok, pak ahok orang baik.""";
404,0,	Terima kasih pak Basuki. Sampai kapan pun sejarah akan mencatat bapak membawa perubahan bagi kami warga jakarta";
405,0,	""Lanjutkan perjuangan Pak, Bapak orang baik pasti ditempatkan di tempat yg lebih baik juga.""";
406,0,	Kau lah yang terhebat.. Karna kau lah kami mendapat inspirasi dan pengalaman yang sangat berharga.";
407,0,	Buat Pak Ahok tetap berkarya pak. Masih ada kesempatan lebih baik di 2019";
408,0,	Pak saya setuju kalo pak jadi gubenur karena kerja pak sangat bagus kerena kerja pak basuki tegas keluarga kami mendukung pak basuki";
409,0,	Bapak tetap yg terbaik untuk jakarta..terima kasih pak untuk semua yg bapak kerjakan selama ini semoga Allah selalu meridhoi bapak dalam setiap langkah bapak..";
410,0,	jabatan bukan hal penting yg terpenting bapak tetap orang terhebat di jakarta tentang kerja keras Pak Ahok..sekali lagi terima kasih Pak Ahok";
411,0,	Pak Ahok....walau saya bukan warga DKI....saya sangat sedih bapak tidak terpilih lg jd Gubenur DKI.....";
412,0,	Hanya bpk lah gubernur satu satunya yg bisa membawa perubahan di Jakarta...semangat pak...";
413,0,	""Pak ahok, saya mempunyai ibu, ibu saya selalu mendoakan pak ahok setiap waktu dan setiap pagi jam 3 ibu saya sebenarnya kecewa dengan hasil pilkada""";
414,0,	""tapi kalah menang itu biasa. kekuasaan ada di tangan tuhan, asal bapak ahok tidak menjual iman pak ahok dengan jabatan""";
415,0,	Terimakasih banyak pak ahok dan djarot untuk kerja tulus dan kerasnya untuk Jakarta..";
416,0,	Media Asing Menyorot Hasil Pilkada Jakarta";
417,0,	Ahok Banyak Belajar di Pilkada DKI";
418,0,	Ini Pelajaran yang Dipetik Ahok dari Pilkada DKI";
419,0,	Ahok: Lupakan Semua Masalah Kampanye dan Pilkada";
420,0,	Presiden Percaya Pilkada DKI Hasilkan Pemimpin Terbaik";
421,0,	Kapolri Pastikan Pilkada DKI Berjalan Lancar dan Sejuk";
422,0,	Pengamat: Pilkada DKI Panas Karena Parpol Sulit Disiplinkan Massa";
423,0,	Parpol Pendukung Ahok-Djarot Komitmen Jaga Pilkada Damai";
424,0,	""Amankan Pilkada DKI, Polisi Terapkan Dua Sistem Pengamanan""";
425,0,	Tiga Instansi Keluarkan Maklumat Larangan Mobilisasi Massa di Pilkada DKI";
426,0,	TERNYATA BAJU YANG DIPAKAI AHOK DI DEBAT PILKADA YG SAYA TONTON MELALUI METRO TV SAMA DENGAN YANG DI TV ONE. BARUSAN SAYA CEK";
427,0,	""Sebagai warga negara yang baik, lo wajib ikut mensukseskan Pilkada Jakarta 2017. Temukan performa berbeda Debat Pilkada pukul 7""";
428,0,	Debat Terakhir Menentukan Elektabilitas di Pilkada DKI Putaran Kedua";
429,0,	Terima kasih bapak ahok dengan jasa2 bapak selalu membangun jakarta lebih baik lagi";
430,0,	Salut banget sm pak ahok.. benar2 berjiwa kesatria.. langsung mengucapkan selamat ke pasangan anis dan sandi..";
431,0,	keluarga sudah ke menggunakan hak pilihnya pagi ini. Jangan lupa bagi warga Jakarta untuk datang ke TPS sebelum jam 1 siang!";
432,0,	Terima kasih telah membuat Jakarta menjadi lebih baik pak... Tetap semangat!";
433,0,	""Pada akhirnya, orang jahat akan jatuh, dan orang baik, akan dibangkitkan!""";
434,0,	""Meski dijatuhkan berkali2, Tuhan akan selalu mengangkat yg benar""";
435,0,	Rencana Bapak yang di surga itu lebih indah yangg kita inginkan bapak ahok tetap semangat ya pak";
436,0,	Pak Basuki dan Pak Djarot tetap kuat didalam iman dan pengharapan...";
437,0,	Yakin bahwa ini bukan jalan yang terbaik untuk anda dari hanya sekedar Gubernur dan Wakil gubernur DKI..";
438,0,	Masyarakat Indonesia khusus DKI melihat pemimpin itu bukan dilihat hasil kerjanya";
439,0,	Kami sebagai rakyat indonesia yang bukan berasal dari DKI turut mendoakan semoga pak Basuki dan pak Djarot tidak pernah lelah melayani kami dan tetap terus semangat";
440,0,	""jangan padam untuk kemanusiaan ya pak, saya mengenang semua hal manis yg telah bapak perjuangkan""";
441,0,	Saya doakan pak ahok dan tamengnya tidak kejang2";
442,0,	Tetap semangat pak. Ahok.. Aku selalu dukung pak ahok djarot.";
443,0,	Pemenang Debat Pilkada DKI malam ini adalah...... IRA KOESNO!!!";
444,0,	""Selamat buat pasangan no 3, Anies-Sandi pemenang versi Quick Count... Terima kasih buat Ahok-Djarot atas kerja luar biasa untuk Jakarta...""";
445,0,	Semangat pak ahok walaupun saya warga bandung tapi saya yakin pak ahok yg jadi juara...";
446,0,	""yg jelas, kerja keras, pasti, dan jujur tetap pak ahok.""";
447,0,	""Maaf pak saya tidak bisa ikutan nyoblos, KTP saya jakarta, tapi saya skrg tinggal bandung, saya hanya bisa berdoa""";
448,0,	""semoga ahokdjarot bisa terus melanjutkan visi misi nya untuk membangun kota Jakarta, agar lebih rapih bersih dan nyaman""";
449,0,	Dalam nama Tuhan Untuk jakarta yg lebih baik";
450,0,	semagat buat pak Anies semoga selalu dalam rahmat tuhan YME";
451,0,	semua warga DKI gunakan hak pilihmu....jangan takut kita smua warga yg punya hak dan sehat lahir batin";
452,0,	semoga Tuhan memberikan seluruh masyarakat DKI jakarta keadilan sesuai pemimpin yg benar2 demi rakyat Amin.";
453,0,	Eks Pendukung Agus-Sylvi di Jakarta Timur Deklarasikan Dukungan Untuk Ahok-Djarot";
454,1,	""Ini pasti salah Jokowi, Ahok dan kafir-kafir ateis. https:\/\/t.co\/v2GRcUeStI""";
455,1,	@fahmiabuazzam1 biar aja biar tai nya kena bapak lo itu ya. Loh tuh kan gak suka sm ahok jadi biar loh sm bpk loh sm ibu loh kena tai nya.";
456,1,	RT @BungWinar: Angin memporakporandakan basis pemenangan Si Penista Agama...Cililitan.\nYa Alloh Ampuni Kami\n#JakartaBanjir";
457,1,	""RT @Lupuz0503: Prestasi Ahok, \nSelain mjadi mafia koruptor n penista agama, dirinya bhasil tenggelamkan JKT MELALUI congoran CEBON""";
458,1,	Ulama Kompak Nyatakan #HaramPemimpinKafir Pilih Ahok = Murtad!";
459,1,	KAU PENDIKAN TINGGI TAPI BODOH....GK ADA LARANG BAWA AGAMA..BIAR ORANG ISLAM YG DI BAYAR AHOK SADAR GK JADI MILIH AHOK GLA";
460,1,	@indopoints di tanah abang cina udah mulai resah dan stres gara2 si penista agama dan pilkada pasar jd sepi. Sepi sampai 2 minggu lg ha. ha";
461,1,	@investigator_RI betul dan semua pihak yg menentang si cina kafir ahok akan di kriminalisasi oleh polisi dgn smua rekayasa hukum nya";
462,1,	@YohanesTarigan9 saya ga habis pikir kenapa fanboy ahok bego bego ya pada ga ngerti sejarah. Gampang kejebak iklan. Maaf ya.";
463,1,	@Zufrianto3 lebih baik pilih ahok drpd pilih yg se iman tp koruptor dn munafik !! Bodoh kau";
464,1,	Ahok si penghina Al - Qur'an dan Ulama ini selalu bersikap menjijikkan yaitu sok suci dan merasa paling benar https:\/\/t.co\/bTkCeTNk0g";
465,1,	""Ayo umat Islam yg pinter, jgn percaya klo aksi 112 tdk ada hubungannya dgn pilkada, pihak AHY yg bayar anies yg untung \ud83d\ude01""";
466,1,	#DebatFinalPilkadaJKT mampuuuusssssss mpoK Silvy!!!!";
467,1,	Hidup china komunis ! https:\/\/t.co\/b1RheVKrXl";
468,1,	Ini tuh kesalahan Jokowi dan Ahok si babi ateis. https:\/\/t.co\/v2GRcUeStI";
469,1,	Kalo ahok menang pilkada bikin video sex bareng anaknya dong tan.? https:\/\/t.co\/7msmThwwLK";
470,1,	Keluarga Besar Kami Yang Berdomisili di Jakarta TIDAK PILIH AHOK!! https:\/\/t.co\/GZKZFTpvCw Suara Ulama Bulat! #HaramPilihAhok #JanganGolput";
471,1,	ketutunan cina dari luar kota dan pulau mulai kejakarta mau coblos ahok dengan KTP aspal dari kamboja";
472,1,	RT @indopoints: china babi... china maling...\n#UsirChina https:\/\/t.co\/9y4HIWHJp2";
473,1,	RT @mosangada72: Masih mau memilih Agus-Sylvi???\nAnaknya SBY dan Keluarga Koruptor\n#BlusukanAhok\n#BerjamaahCoblosPecinya\u2026";
474,1,	tangkap ahok dan klompok nya yg melakukan pemalsuan e KTP karna merupakan penghiyanat bagi bangsa dan negara";
475,1,	""Tangkap Ahok Sekarang Juga, Share Jika Setuju !!!""";
476,1,	""Sayang sekali Bangsa ini Paling jago kalau merasa-rasa. Yg mendukung Pak Ahok merasa paling benar, yg mendukung Mas Anies merasa paling suci""";
477,1,	Video Ahok Menghina Agama Kristen Agama Konyol #AhokPecahBelahBangsa";
478,1,	""Bukan Hanya Penista Agama, Bagi JPU Ahok Pemecah Belah Bangsa https:\/\/t.co\/6qkIFCjqhq""";
479,1,	Mbak Sylviana please Anda sehat? #DebatFinalPilkadaJKT #perjuanganbelumselesai";
480,1,	Nomor 1 sok tau lagi lansung di skak wkwkwk #DebatFinalPilkadaJKT";
481,1,	RT @Gemacan70: Ayoo jaga keutuhan NKRI!!! Tangkap Penista Agama!!! #StopKriminalisasiUlama https:\/\/t.co\/dxIDQ4ZQHV";
482,1,	""@Lupuz0503: Terlihat salah satu pendukung mafia koruptor dan penista agama, para gerombolan BANCI TITOT lakukan bidikan ke arah""";
483,1,	tobat yuk sebelum terlambat. biar gerombolan JIL aja yg kita doakan konsisten bela kekafiran hingga akhir hayat https:\/\/t.co\/979uJ6ItrM";
484,1,	""RT @UstadTengku: Ya Allah Jika Mereka Menempuh Cara2 Curang utk Memenangkan Si Penista Agama, Engkau Kirimkanlah MALAIKAT MAUT Utk menyeles\u2026""";
485,1,	";Kebanyakan fitnah nih mpok silvy #DebatFinalPilkadaJKT #Gue2
486,1,	""FPI: Pendukung Ahok kalah jumlah, dengan izin Allah kita gusur Gubernur koruptor dan penista agama https:\/\/t.co\/Jp7pGLRGiE""";
487,1,	#JakartaBanjir Pemimpinnya gak punya akhlak yg baik... PENISTA AGAMA. https:\/\/t.co\/PNEGDJMPCH";
488,1,	""RT @felixsiauw: tapi twit begini asik lo, kita jadi tau yang mana akun-akun pro-penista agama, akun-akun buzzer yang kerjanya menghujat :)""";
489,1,	@DivHumasHansip: ahoker siap bela penista agama https:\/\/t.co\/HxuU4rUDFX\";
490,1,	RT @alwinazar24: sepertinya CUCUnya DAJJAL telah hadir";
491,1,	""Mereka Siang MALAM Maki2 Ulama Kita, Nongkrongi Medsos Ulama2\nBela PENISTA Agama yg SOMBONGNYA Minta AMPUN.""";
492,1,	RT @Jhonkosmik: Ada apa dengan mayoritas etnis China di DKI?\nMengapa begitu solid mendukung penista agama Islam?\n\nDendam?\nTidak nasionalis?";
493,1,	Mukanya mpo Silvy Asem bangett ngakak kena deh abis jahat sih #DebatFinalPilkadaJKT";
494,1,	RT @GodinJ760478: @tempodotco gara2 belain terdakwa penista agama jadi remek semua. Sukurin";
495,1,	""RT @Chaeruddin_B: Sekumpulan Teman Penista Agama\nTdk ada empati buat korban banjir, hanya koar2 memuji junjunganya https:\/\/t.co\/XQFktDG74x""";
496,1,	RT @TerorisSocmed: PENJARAKAN PENISTA AGAMA !!! ATAU @jokowi TURUN !!! https:\/\/t.co\/vqH0TNXaRz";
497,1,	""Si penista agama, Jaga mulut aja gabisa apalagi jaga jkt?""";
498,1,	Ahok : program paslon no. 1 ini programnya ngambang | yaiyalah pakkk gak ada program diaa cma ada celaan #DebatFinalPilkadaJKT";
499,1,	Akui saja Ahok dan Djarot kalian gagal atasi banjir.Orang kena banjir anda sibuk sidang kasus penista agama";
500,1,	RT @87_julay: Iyaa... Ahog Ngak pantes jadi pemimpin.. Pantesnya penista agama dipenjarakan!!! https:\/\/t.co\/YhhO40QWXS";
501,1,	RT @wongawas: Overdosis @Metro_TV membela penista agama. https:\/\/t.co\/i84RARpy5w";
502,1,	""Kaga masuk diakal kite kalo suara seorang penista agama yg dah dikutuk ame umat islam suara nye bisa tinggi, emang sengaja ditinggiin tuh""";
503,1,	RT @andreobz: Pantasan di pecat dr menteri...data2 aj ngawur dan memkasakan betul..hahaha #AhokPastiTumbang #paslon3 #pilgubdki";
504,1,	RT @BangsaPenguasa: Penjarakan ahoax penista agama atau jokowi turun.#KonsolidasiDewanPKB https:\/\/t.co\/XoW5eakIsk";
505,1,	""Napa dibiarin tim si penista agama maen curang maren, emang sengaja dibiarin biar ntar digaplok umat islam rame2 se jakarta tuh penista""";
506,1,	Hahahahhahaa silvy ohh silvy cacingan amat loe ahhh wkwkwkwkwkk #DebatFinalPilkadaJKT";
507,1,	""RT @Rakyat_Angin: Ahok Taik. \""""MENFITNAH\"""". Emang lu tukang caci maki perempuannn!! Asuuu #AhokPastiTumbang #DebatFinalPilkadaJKT""";
508,1,	RT @HasanArisandi: #AhokPastiTumbang fakta di bilang fitnah\n#DebatFinalPilkadaJKT";
509,1,	""Shame on you silvy !! Ga malu fitnah?? Tuh rasain pak ahok panas, skak mat #DebatFinalPilkadaJKT""";
510,1,	Bu silvi anti pns level rendah katanya #DebatFinalPilkadaJKT";
511,1,	RT @AnnisaFYtr: Hanya Orang Islam Yang Bodoh dan Goblok Yang Memilik Ahok! #DebatFinalPilkadaJKT";
512,1,	""@DivHumasHansip: fitnah FPI pecah adalah ulah ahoker yg melihat elektabilitas ahok tinggal 10%,mereka kelojotan melihat MUI+NU+Muhammadi""";
513,1,	Norak banget iklan mantan mendikbud @aniesbaswedan ini. Tambah gak respech.. inilah tenun kebangsaan yg dia maksud.\u2026 https:\/\/t.co\/Ux7HEYkBLG";
514,1,	""RT @DivHumasHansip: yg nebar kebencian itu ahok mbak,masa mbak gak tau sih sampai dia jadi terdakwa loh @AnizzahGedrun""";
515,1,	pertanyaan dari Bu Sylvi gak mutu amat. #DebatFinalPilkadaJKT";
516,1,	Huuu sylvi tak tahu apa-apa asal ngoceh #NobarAhokDjarot #DebatFinalPilkadaJKT";
517,1,	Sylvi keliatan bloonnya #DebatFinalPilkadaJKT";
518,1,	RT @WanitaRevolusi: Ahoax penista agama kembali mengolok olok surat AL-MAIDAH 51. Cc @Dahnilanzar";
519,1,	#JakartaBanjir Pemimpinnya gak punya akhlak yg baik... PENISTA AGAMA.";
520,1,	#DebatFinalPilkadaJKT mati kau hok";
521,1,	Yg ga punya program bisanya cuma fitnah. Ciri Orang yg demen ngambil kjp kontan #DebatFinalPilkadaJKT";
522,1,	Mpok silvi nyinyir melulu pertanyaan nya tapi sayang sesat! Maklum sih dese emakemak! #DebatFinalDKI #DebatFinalPilkadaJKT";
523,1,	RT @bajigurceleng: @jpnncom hahaha jelas2 buat pilkada dasar polisi made in cina pelindung penista agama";
524,1,	Kurangnya pemberdayaan wanita DKI Jakarta bisa dilihat dari telaknya perbedaan warna muka dan warna tangan mpok sylvi #DebatFinalPilkadaJKT";
525,1,	Agus silvy Tukang Fitnah #DebatFinalPilkadaJKT";
526,1,	#DebatFinalPilkadaJKT yaudah gus sini kalo ga sakit secara fisik daripada verbal gw gebukin lo rame2";
527,1,	Keluarga kita gak ada yg maling coyy gak perlu trauma kaleeeee emang kluarga ente?";
528,1,	JG KAITKAN JOKOWI DENGAN AHOK KATA JOHAN BUDI. KATA KAMI. SEBAB JOKOWI ANJING. SEDANGKAN AHOK BABI. YA JELAS BERBEDA. WALAUPUN OTAKNYA SAMA";
529,1,	Bajingan lu silvy #DebatFinalPilkadaJKT";
530,1,	""Hasil Akhir, Menyatakan @jokowi Melindungi Ahok TERDAKWA PENISTA AGAMA !!!""";
531,1,	RT @SiBonekaKayu: Selepas banjir Jakarta 212 Pendukung Ahok mengganti narasi doa. Semua demi keuntungan Sang Penista Agama";
532,1,	Tionghoa katanya kaya? Kok pada putus sekolah? Kebanyakan dugem?";
533,1,	Gusur Ahok demi Indonesia. Teladan buruk pembangkangan hukum dan anti kemanusiaan di Jakarta jgn tertular ke daerah. #CoblosPecinya";
534,1,	""BUAT AHOKER YANG TAKUT MATINYA GG DISHOLATIN , TENANG ADA ABU JANDA UST GADUNGAN YG SIAP SHOLATIN AHOKER & JOKOWER""";
535,1,	Mampuuss ! Di tembak dalem banget silvyy .. lo urusin tuh dapurr ! Gak punya program demennya nyerang terus !!! #gue2 #DebatFinalPilkadaJKT";
536,1,	Anjir baru kali ini lihat orang bego mau debat pilkada. Kerjanya nyerang karakter. Shame on you mpok silvy and agus. #DebatFinalPilkadaJKT";
537,1,	Uang Taipan tuh. Nanti dibayar dengan ratusan penggusuran biadab oleh Ahok.";
538,1,	CINA ASU https:\/\/t.co\/zM1BsjAIHA";
539,1,	""Ketika ngomong, Sylvi keliatan oke. Tapi begitu didebat Ahok, Sylvi langsung kekuatan goblok.""";
540,1,	""Jangankan Banjir, Tuhan aja Dilawan Sama Ahok #JakartaBanjir Tapi Jakarta hari Ini Bukan Banjir, Hanya GENANGAN.""";
541,1,	ADA PEMIMPIM PRIBUMI knp pilih PEMIMPIN IMPOR yg g BERADAB tukang BERBOHONG yuk PRIBUMIKAN DKI milik BANGSA IND @Gemacan70 @TerorisSocmed";
542,1,	Karna dia ga punya program hanya modal bacot doang";
543,1,	Pendukung berarti dia bagian dr penista agama tersebut!!! Dukung gerakan ini 100%";
544,1,	Narkoba yg paling berbahaya adalah ILUSI KESUCIAN AHOK SANG PENISTA.";
545,1,	@tribunnews emang ahok siapa?? Orang penting?? Dia hanya penista agama!!";
546,1,	cina mah duitnya dari hasil maling di Indonesia di balikin lgi berkedok invest plus bawa gembel2 & napi dari Cina negeri nenek moyang ahok";
547,1,	""Tangkap Ahok @basuki_btp skrng juga, koruptor reklamasi Jakarta dan penista Agama Islam.""";
548,1,	keliatan banget bego nya mpok silvy and agus. #DebatFinalPilkadaJKT";
549,1,	""Yg Ahokers, Klo gak seneng ama cuitan gw silahkan unfollow krn gw Anti AHOK (Si Penista Agama Islam)""";
550,1,	AGAMA DI NISTAKAN! ULAMA DI LECEHKAN!! Ini Alasannya #HaramPemimpinKafir";
551,1,	RT @FredyBastian3: Cara serang Ahok : Kafir galak";
552,1,	@umnia77 @ruhutsitompul @sahal_as anjing2 ahok.kaum babi lo bnyk bacot.mnding duel sma gw.";
553,1,	Ahok memang verbalnya keras. Pelampiasan dan pelarian karena kelelakiannya lunak.";
554,1,	""yg maling itu kan china2 babi BLBI , korupsi nya triliunan , termasuk si AHok korupsi 2 triliun..""";
555,1,	Mimpi djan farid jakarta lebih islami dari aceh jika ahok terpilih itu ibarat babi merindukan halal";
556,1,	@KompasTV @ridwankamil ridwal kamil memang hebat dan top nggak kaya ahok tukang penista agama dan koruptor";
557,1,	@TPK_RI ITULAH si ahok kutil babi";
558,1,	Dasar si Kutil babi ahok memang Tukang Bohong. selain Bohong ahok jg biasa Menyalahkan yg lain menutupi Kegagalan nya . contoh soal banjir";
559,1,	@PonkEcha @Fahrihamzah Si Terdakwa Penista Agama Alias Si Ahok Babi Jamban tuh yang Morfotin Uang Rakyat Jakarta";
560,1,	""Om...Ahoknya...Mana Om,Katanya Si BABi Ahok Bisa Ngatasi Banjir...Om...BABi Jgn Membual Om...?!!?""";
561,1,	kenapa anak babi jalan nya nunduk???karena malu liat ulah bapak nya yang ngebelain ahok..";
562,1,	Perilaku Si BABI @jokoanwar ini memang benci dgn hal berbau Islam. Cocok dgn Ahok. @SiBonekaKayu";
563,1,	@budimandjatmiko ahok si kutil babi kembali ke rumah lembang kenapa jakarta jadi banjir bud?";
564,1,	""#jujur orang cerdas dan pintar pilih orang imam dan mampu memimpin ..bisa sholat...bisa ngaji..santun, sopan..tidak seperti babi kafir ahok""";
565,1,	Teman Ahok emank TAI. apalagi pemimpinnya kek BABI! @temanahok";
566,1,	""Mana para babi ahok yg ngejek onta, biar di injek2 ama onta""";
567,1,	@gotcancer2 bukannya stigma babi itu milik tuhan elu si ahok kafir";
568,1,	Kampungan ya pendukung AHY https:\/\/t.co\/GmezpOYLsY";
569,1,	""@Ananda_harahaP udah lu jgn panik gitu. ahok si kutil babi bakal tumbang kok di putaran kedua. teruskan cuapcuap mu di sosmed, gak ngaruh.""";
570,1,	""ahok tidak layak seperti manusia, dia lebih tepat seperti babi yg tidak punya akal pikiran dan jiwa manusiawi""";
571,1,	@haloJakarta Ahok (BTP) Basuki Tai Babi";
572,1,	""RT @diyahaudya: @yusuf_dumdum Yg ada, cacimaki penista agama tapi ternyata ketauan poligami ngumpet2. Apa mau digituin? Saya sih ogah.""";
573,1,	""@adichandramang2 @CummaRachel @korban_gusur iya , trump memang penista agama atau anti islam emang hubungannya dgn anis apa?""";
574,1,	@adichandramang2\nAda aseng KOPLO pembela si PENISTA AGAMA yg durjana nyuruh org lain ngaji!";
575,1,	""@bayprio Itulah kebodohan para penista agama, sudah saatnya pilih pemimpin yg mengerjakan shalat 5 waktu""";
576,1,	@iwanfals pilih Anis sandi doong..jgn pilih si penista agama pemecah NKRI";
577,1,	""@posmetroinfo Emang terdakwa penista agama, salahnya dimana coba, kl yg biasa bikin hoax metrotipu aman2 aja tuh dewan peres""";
578,1,	@RamadanMalka Pamor RK jadi seakan tak ada artinya jika parpol pengusungnya pendukung penista agama...";
579,1,	@RestySeterah si ahok pantasnya dinobatkan sbgai Babi ngepret";
580,1,	""@roninpribumi @dewanpers yg salah itu mereka menulis TERDAKWA PENISTA AGAMA,coba klo ditulis BAGINDA YANG MULIA pasti ga masalah..cuih..""";
581,1,	Faktanya Cina2 parasit tuh ngotot belain si penista Agama @PradanaBhakti @IrianaPasirua @PutraSumedang18 @khoirulilham12 @ronavioleta";
582,1,	jokowi ratu adil apaan..??? dia ga ada keturunan darah biruadanya DARAH KOTOR cina babi..!!! https://t.co/JtwFRRdLF4";
583,1,	RT @RestySeterah: Keren nih apps kawal TPS .. Yuk gabung buat pastikan cagub terdakwa penista Agama lebih cepat diantar kehabitatnya";
584,1,	""Kalau lo gak tau apa-apa ya jangan berkoar sembarangan dong, keliatan banget kalau lo itu beneran bego :)) #FuckYou""";
585,1,	@AHMADDHANIPRAST ahmad dhani yang terhormat paling babi paling anjing aing kontol paling lonte tungu saat nya karier mu akan habis!!!!";
586,1,	""Kang @ridwankamil ,fakta hari ini,partai pendukung si penista agama sangat dibenci rakyat,termasuk rakyat Jabar. https://t.co/b2WetyvrbZ""";
587,1,	""plis jangan sok kecantikan selalu pacarin artis2 yang lagi meletek, jijik gw liatnya""";
588,1,	""paling mau muntah liat lagak nya @AHMADDHANIPRAST, jadi orang sok iye banget hoek""";
589,1,	@Metro_TV kalau boleh saya ngomong ingin saya katakan ahmad dhani monyet babi anjing. tapi itu tidak boleh";
590,1,	""perempuan kaya lo mending mati aja deh, jelek aja, gausa sok jadi make up artist!""";
591,1,	""ahmad dhani itu borok, sampah, babi, anjing. Saya adalah orang pertama yg sangat muak liat muka dhani dan saya berbangga.""";
592,1,	Lah emang sdh jelas2 si ahok terdakwa penista agama. Malu woy! https://t.co/2K0HlMpR9t";
593,1,	""Keputusan ERKA hari ini harus kita HORMATI, begitupun sebaliknya KAMI tidak akan memilih partai pendukung PENISTA AGAMA.""";
594,1,	Lupakan @ridwankamil biarkan karam dg kapal munafiknya. kita bangun jabar dg kapal yg bersih. Delete partai pendukung penista agama dari hati";
595,1,	Masalah dunia dan masalah nafsu ya kang @ridwankamil . Kata2 kok bersayap kayak burung hantu. https://t.co/mwClbkU4sT";
596,1,	Penista Agama menjadi Santri Kehormatan.Yang kasih ini ke ahok otaknya perlu direparasi.Demi Pulkada nama Santri yg baik kailan jual belikan";
597,1,	""Payah banget @ridwankamil maju Jabar1 pakai partai Nasdem pendukung penista agama, ente lagi butuh uang ya kang? Payah loe!!""";
598,1,	""polisi yg jadi imam sholat ini adalah seorang penista agama, bodoh, BERISLAM cuma ikut2an. COPOT KAPOLRES JAKBAR !! https://t.co/s2h2Ybrthm""";
599,1,	""RT @ferdyfrodoo: @bayprio Itulah kebodohan para penista agama, sudah saatnya pilih pemimpin yg mengerjakan shalat 5 waktu""";
600,1,	""RT @Ra_Ria_Rana: GAK HABIS PIKIR???\n\nTINGGAL NUNGGU ADZAB ALLAH NIH NEGERI,,,, PEMIMPINNYA SDH DZALIM https://t.co/UmZK4bTyi4""";
601,1,	""Sini lu, kami enggak mau kampung kami didatangi sama penista agama, https://t.co/1z3Mt1,9ck""";
602,1,	""SETUJU SAYA,KLAU AHOK DAPAT GELAR SANTRI KEHORMATAN.... TAPI SANTRI KEHORMATAN BABI.... https://t.co/uD16d7Gwhd""";
603,1,	Senang dong ada yg fans mati sampai lupa kalau dia bego banget https://t.co/ctJFC5a8Zz";
604,1,	@AHMADDHANIPRAST LO TUH BABI ANJING. Mampus kalah jatuh miskin deh #bekasisah";
605,1,	@bayprio : Si AHOAK @basuki_btp CINA ANJING KAFIR PENISTA AGAMA ISLAM....!!!";
606,1,	""@AHMADDHANIPRAST aku katakan anjing kpd ahmad dani, boleh....aku katakan babi kpd ahmad dhani, boleh...""";
607,1,	""@Bisniscom haha memaki untuk melawan mah harus, drpd ditindas pemimpin munafik melindungi penista agama, dll. Agama no 1 (islam), taubat rot""";
608,1,	""@Anakran63208433 @5ec4a1e80d3c48c @aniesbaswedan pikiran anak bani kampret g beda jauh sma penista agama. Penfitnah, Penipu Dan Garong..""";
609,1,	@Gemacan70 itu yg cewe pake kerudung ngapain ya? Setiap kali konfrensi pers ada aja.. Pencitraan Islami kaliiii... Bwahaha..!!";
610,1,	@republikaonline spt ahok dulu .. nasdem disusul dg cs nya .. yg mendukung paslon penista agama dan tukang caci maki tai tai ..";
611,1,	@topan_julian1 kalo mecin jangan dijadiin cemilan mangkannya kang. Jadi begonya bego banget.";
612,1,	@ulinyusron cm didoain kalau saya mah ketemu si penista agama langsung saya ceburin laut yg direklamasi ijin sembunyi2 buat tumbal reklamasi";
613,1,	""@ymerdeka33 @ach_qodr @basuki_btp cabe2an bisa nya hanya bbm.n facrbook.n!! Masalah politik mana tau doi, tau nya berita2 sampah pencitraan""";
614,1,	INI MANUSIA APA ANJING MATI-MATIAN RELA JADI MURTADZ DEMI BABI AHOK KAFIR. https://t.co/2XXN5CFdVM";
615,1,	""ini semua berawal dari AHOK JAMBAN yg dibela aparat, para kristen serta china kafir yang lain semakin berani menghi https://t.co/qUutkrlsP3""";
616,1,	""Kami lebih resah anda jd presiden!!!! hidup anda penuh drama dan pencitraan, main FTV aja joko judulnya https://t.co/T2BUgLTnUO""";
617,1,	""Mana bisa percya lagi,sdgkan induknya penista smp skrg lum ditahan tp malah dibela. https://t.co/Oc1vGdX0Z4""";
618,1,	Mari seluruh Muslim CYBER Army mulai skrg ganti semua sebutan A....K menjadi Terdakwa Penista Agama !";
619,1,	""Orang Islam lebih suka si HOAX penista agama, menjaga lisan dan tindakan dari hal-hal yang merusak hubungan... https://t.co/FLhW31wXdU""";
620,1,	RT @izzah_pandeka: #Nomor2Koruptor negeri para korup diasuh cino babi https://t.co/wJXalyPxPn";
621,1,	RT @Gemacan70: Hajar bleh hanya untuk bela #Nomor2Koruptor...cuihhhhhh https://t.co/o4nnZBkNYS";
622,1,	RT @korban_gusur: @RakyatBiasa1945 Ada CEBONG GENDHENG NGAMUK2 belain si HOMO PENISTA AGAMA!! HAHAHA @OshMuslim @RebusKentang @m3g4";
623,1,	RT @Ustadtengku1: @RizieqSyihabFPI tolol itu banyak yg bela penista agama walau sudah tersangka";
624,1,	Orang punya saksi anjing dikasus babi.. Tolol https://t.co/ssePg5FCXm";
625,1,	Si Ahok kampret emang gak becus kerja. Pencitraan mlulu tuh si Ahok kampret. https://t.co/yM5ViOFvpc";
626,1,	""Sini lu, kami enggak mau kampung kami didatangi sama penista agama, https://t.co/1z3Mt1,9ck""";
627,1,	""Tanda2 kiamat x yak, masih banyak aja orang muslim yg mengingkari Al-Quran dan pilih Penista Agama. #Nomor2Koruptor #Nomor2Koruptor""";
628,1,	""#JanganMauDibohongiAhok sebab Ahok Sumber Kekacauan Politik, Ramaikan Aski 313 FIGHT!! https://t.co/WOBxlxvZnx""";
629,1,	#MataNajwaDebatJakarta Anies anda SADIS. Topengmu terbuka lebar malam ini. Biar warga DKI yg menilai...apa yg anda katakan adalah PENGECUT";
630,1,	Anies congornya aja gede. Realisasinya gak ada. Janji terus dari awal bisanya paling korupsi. Balik jadi dosen aja bangsat.";
631,1,	""#MataNajwaDebatJakarta Hebatnya, Ahok masih mau salaman loh sm Pak Anies yang Amat terhormat. Idih gw sih ogah.""";
632,1,	#MataNajwaDebatJakarta kalau untuk urusan bacot memang anis nya juaranya..memang kita bakal makan bacot di jakarta..haha..paslon yg aneh gede bacot doang.";
633,1,	#MataNajwaDebatJakarta pak anies banyak omdo dulu waktu jd menteri terobosannya apa?? skrg ngomong ky sok Jago bgt";
634,1,	#MataNajwaDebatJakarta si Cina Babi ahok bloon banget. Sok pinter banget lagi. Asal bukan Ahok";
635,1,	#MataNajwaDebatJakarta lucu banget jawaban ahok.. gak nyambung. Ditanya apa di jawab apa. Kena skak mat d pertanyaan isu agama tdi. Dasar cina tolol hahaha";
636,1,	#MataNajwaDebatJakarta topeng anda hari ini fix terbuka @aniesbaswedan .. anda sama dgn yg mendukung anda.. BAU BUSUK";
637,1,	""#MataNajwaDebatJakarta Pak Anies suka nyinyir, suka memutar balik kan fakta, ga punya program yg jelas bisanya jelekkan kinerja pak Basuki""";
638,1,	Babi... iya memang si Ahok gak jauh kayak Babi..";
639,1,	Si tengkuk babi sipit bangke agen dajjal mau jadi onta hahaha. Orang waras juga tau kasus ahok dipaksakan!!";
640,1,	itu kan kata ahok kafir..umat islam anti ahok karena ahok itu kafr ditambah ahok itu cina yg suka makan babi & bir";
641,1,	""gw harus bilang Babi Ahok apa dong selain kafir, gw hanya pengen gerombolannyA Babi Ahok merasakan bagaiamana klo di anjing2in, Bangsat2in""";
642,1,	""sibabi china sangat biadab memperlakukan kaum PRIBUMI, dan para jongon2 spt banser & nu nusantara mendukung ketimpangan ini, biadabnya mrk!""";
643,1,	ahok kafir takut debat dengan rakyat asli pribumi nelayan dan para pakar reklamasi dari rakyat.. ahok kafir bencong";
644,1,	nampaknya sudah satu paket penyokong cina babi pasti juga sokong LGBT";
645,1,	kebiadaban ahok cina kafir anak2 rakyat kecil pribumi dan ibu2 islam semua digusur dari rumahnya serta kehidupannya";
646,1,	""tim ahok yg otak wc otak tumpul justru anies itu sdh komit sekali dgn pancasila ,ahok kafir sgt tdk bs berpancasila""";
647,1,	""#MataNajwaDebatJakarta Pak Anies sudah meninggalkan ketenangan dan ketulusannya dalam debat malam ini, mjd agitatif dan licik. semoga kalah kau anjing""";
648,1,	""SELAMA PROSES #SidangAhok WASPADAI ULAMA2 KUBU AHOK..YAKNI ULAMA2 """"MUNAFIK"""" YANG SESAT DAN MENYESATKAN..!!""";
649,1,	anies akan merangkul dua2nya untuk persatuan tidak spt ente dangkal & cekak intelektual hanya jadi budak ahok kafir.";
650,1,	""kebiadaban ahok cina kafir rakyat kecil yg jadi PKL & asongan2 digusur2 dan dianiaya spt teroris, ahok kafir biadab""";
651,1,	RT @LeonartoRabono: tapi kenyataanya jutaan rakyat kecil asli pribumi yg miskin justru semakin dimiskinkan oleh ahok cina kafir....";
652,1,	Itulah Indonesia. Yg dibully org yg bener.Yg salah dan binatang2 seperti nomor tiga dibiarin berkeliaran #matanajwadebatjakarta pak an https://t.co/jYSg6x1A";
653,1,	""#SidangAhok smg sipenista agama n ateknya matinya tdk wjar n jasadnya tdk dtrma tnh n dia tdk prnh mrs kn sorga,aamiin semoga tuhan setuju""";
654,1,	""iya,kelasnya penista agama,bs nya cm ngebacot doang yg arogan sk blg taik"""" nenek lu,oh ya sumber waras n nama d kasus E ktp apkabar?skakmat""";
655,1,	Penjarakan semua cina kafir dan ateis! Termasuk Ahok pemimpin babi tukang korupsi!";
656,1,	Kampanye rasis ngmg nya pihak ahok yg di untungkan.. Goblok kafir mana ada di untungkan.. Kalau pada di perkosa bunuh lu enak berduit";
657,1,	hahaha idiot bilang kpd orang2 kafir terurama para nasrani pendukung2 ahok kafir jangan memasuki wilayah2 syariat islam";
658,1,	I HASIL MAKMAK KALIAN JUAL PUKINYA. BAGI KSLIAN YG BERPIHAK KEPADA PKI DAN SI AHOK ANAK CHINA ANJING KAFIR INI. SERTA NKRI BUKAN DIDAPAT";
659,1,	""Tim pendukung sakit jiwa, kehilangan akal sehat & ide #IklanAhokJahat""";
660,1,	#IklanAhokJahat Hati hati Mereka Mulai Prustasi dan Memainkan Cara cara Kasar !! Karena hasil dari berbagai survei si penista agama kalah!!";
661,1,	""HOOKK, masuk gorong"""" aja loe #IklanAhokJahat""";
662,1,	Kayak gini nih kampanye Tim AniesSandiUno ke kampung2 mengintimidasi masyarakat. Kampungan ye? #ASUtenan";
663,1,	SI KUTIL BABI TELAH MELECEHKAN PRIBUMI DAN UMAT ISLAM #IklanAhokJahat";
664,1,	NGOMONG AJA ENTE SAMA KACA! MEMECAH BELAH KERUKUNAN LAGI HOK ENTE BISANYA. NGACO! #IklanAhokJahat";
665,1,	""#iklanahokjahat Terorist nyata di Indonesia... Bukan wahabi, bukan Onta Tapi Babi Babi milik Cina Penebar Teror sesungguhnya....""";
666,1,	""RT @TerorisSocmed: Sadarlah wahai anak Bangsa, Ibu Pertiwi Sedang Diporakporandakan Oleh Manusia BIADAB @basuki_btp Sebagai Aktor Utama""";
667,1,	""Sepertinya gerombolan @basuki_btp rindu kerusuhan, hati2 dikabul Tuhan #IklanAhokJahat""";
668,1,	Ahok and Bani serbet and wereng Coklat MEMANCING UMAT MUSLIM supaya marah? dengan #IklanAhokJahat. KALIAN ITU KUMPULAN ORANG SINTING";
669,1,	""#IklanAhokJahat baru ada direzim jokopret,setan,iblis,dajjal dibangkitkan dr kuburnya. Mereka gembira berpesta pora setelah lama dibelenggu""";
670,1,	Yang anti cina & mau ganyang cina tuh siapaaaa..??? kami cuma anti AHOK sang Penista Agama! #kampanyeAhokJahat #IklanAhokJahat #kampanyeSARA";
671,1,	Udah bingung kalik mau pakai cara apa untuk kampanye. Sampai2 bikin fitnah yang kayak begituan. Depresi ya takut kalah? #IklanAhokJahat";
672,1,	Tahukah Anda apa persamaan antara malin kundang dengan Ahok? mereka berdua sama-sam DURHAKA!!!!!!! #ASBAK #iklanahokjahat #kampanyeahokjahat";
673,1,	""HADUH KELAKUANMU HOK, SOK-SOKAN MENJAGA KEBERAGAMAN PADAHAL PROVOKATOR & RASIS!! #IklanAhokJahat""";
674,1,	RT @sarwandi_sr: #IklanAhokJahat bikin darah mendidih. bangsat penuh dengan propaganda. emang lo kira islam radikal ?Kalau kami mau";
675,1,	Kapolda Babi! Biadap dan Bodoh! Gak punya otak kali.";
676,1,	""Jangan2 lagi deh @basuki_btp hina islam, anda itu manusia hina dibandingkan agama yang mulia, anda bukan siapa2 & bukan apa2 #IklanAhokJahat""";
677,1,	AHOK KAFIR DAN BUDAK2NYA ATAU ANJING2 NYA HANYA SEBAGAI SAMPAH AGAMA ISLAM DAN SAMPAH MASYARAKAT";
678,1,	umat agama islam dijakarta sangat haram dan sangat najis sekali dengan ahok kafir kristen...";
679,1,	19 april CNN kibarkan bendera kuning atas kematian ahok-djarot....";
680,1,	itulah akibat ulah orang2 kafir nasrani persis seperti ahok kafir yg melarang jilbab kepada anak2 sekokah di jakarta....";
681,1,	baswedan pantas jadi gubernur jakarta dan komisioner KPK..... ahok kafir pantasnya jadi germo di alexis....";
682,1,	""RT @yudijannis: #IklanAhokJahat bagaimana klo kita ganyang beneran hok?itu sih maunya elo ya hok,adu domba pribumi dengan tionghoa!!jangan""";
683,1,	masalahnya djarot tidak bisa memikirkan rakyat kecil pribumi bisanya hanya membabu kpd cina2 betul2 songong jongkok.";
684,1,	""otak wc otak babi yg menerima ahok kafir & kamu, ahok kafir bkn sekedar menghina sdh anggap islam itu sampah""";
685,1,	""DALAM PUTARAN DUA NANTI JIKA SAMPAI AHOK KAFIR CURANG UMAT ISLAM SUDAH KOMITMEN JAKARTA AKAN DIJADIKAN LAUTAN API, SUDAH TIDAK MIKIR HUKUM""";
686,1,	#IKLANAHOKJAHAT AHOK MENCIPTAKAN BARA API ANTARA RAKYAT PRIBUMI DENGAN TIONGHOA YG DIBALUT DENGAN PHOBIA.... AHOK KAFIR RASIS...";
687,1,	jangan heran pemerintahan jokowi sekarang ini budaknya kulinya cina2 ahok kafir dan 9 naga...";
688,1,	Ya itu namanya cawgub goblok gak ngerti peraturan debat....kelihatan bego dan liciknya itu sandiaga uno.";
689,1,	BODOH jika para pendukung ahok yg Muslim tidak tersinggung sama sekali ! Tapi bisa aja sih Qur'an d hina saja mrka diam #IklanAhokJahat";
690,1,	Gubraaaaak!!!! Malu liatnya... Untung semalem debat ga kaya MATA NAJWA.. Coba kalo formatnya sama pasti Ringsek dah pasangan ASU...";
691,1,	YG JELAS OTAK AHOK-DJAROT SUDAH SANGAT TUMPUL SANGAT LOYO DAN STRESS..... SUDAH JEBOL HARUS DICOPOT DAN DIGANTI.....";
692,1,	""AHOK KAFIR BUKAN HANYA MALING TAPI JUGA GARONG, LAHAN LAUT MILIK NELAYAN DIRAMPOK & DIRAMPAS UNTUK REKLAMASI YG MENGUNTUNGKAN CINA2 KAFIR..""";
693,1,	Sumpah bego bgt sih kesel gue. Kenapa ada org yg vote makhluk kayak Sandiaga Uno coba. Oh agama";
694,1,	""responden2 yangg goblok2 belum faham & juga wartawan beritasatu juga goblok, nanti klo anies-sandy sudah memimpin sangat mudah""";
695,1,	""FPI RENOVASI MASJID ITU SANGAT TEPAT, AHOK KAFIR KRISTEN NGAPAIN NGURUSI MASJID2 APA HUBUNGANNYA.....""";
696,1,	MENGAPA ahoker KRISTEN & MUNAFIK tidak berhenti mengolok2 GEREJA stiap hari? Apakah mereka memang dibriefing ahok untuk menghina si BUMI DATAR?";
697,1,	uma surveynya si Botak yg menangkan Ahok. Karena apa? Karena dia Cina Kristen. Bukti kalo si Botak dukung sesama Cina Kristen";
698,1,	""AHOK PEMECAH BELAH UMMAT, AJARAN KRISTEN KONYOL, demi meraup suara muslim, JELAS AHOK INI RASIS, PKI TULEN""";
699,1,	Woy @aagym lu udah nonton yang ini? Fitnah? Pale lu peyang gym. https://t.co/U3QhuJpwg";
700,1,	""Ahok :memilih pemimpin Berdasarkan agama melanggar konstitusi. Sebaiknya BABI INI DI BUNGKUS aja, CONGORNYAPECAH BELAH UMAT BERAGAMA.""";
701,1,	""Saya pribumi, Kristen dan mendukung Ahok. Tapi saya paling anti dengan manusia2 bodoh dan goblok seperti Steven Hadisurya Sulistyo.""";
702,1,	""Maksudnya terbukti KORUPSI dan PENISTAAN agama nya ya om, Bangsat lo, TAIK LO, maaf gw pake Bahasa Babi Ahok.""";
703,1,	""Ehh TAIK, Bangsat lo, Omongan elo kayak IwAn bopeng, yg MO potong leher TNI, Bangsat lo IwAn bopeng, baek2in TNI. TAIK LO,""";
704,1,	""Ehh anak anjing Ahok, Kelan itu blon siuman, mending emut2 bool basuki lagi aja sana, kasih tau sama Babi yg lain, bool basuki wangi gitu""";
705,1,	CWE CAKEP TP BEGO.PANTES GK LAKU.SI AHOK CINA BAU TAI.MAKAN BUBUR ENCER.AHOK FAHAM KOMUNIS.MENISTA ISLAM & KRISTEN";
706,1,	""Dan ajeng pasti paham si Babi Ahok klo bicara santun, BANGSAT, TAIK, ANJING, SETAN LO, dngn intonasi yg familiar tuntuna""";
707,1,	""Itu dia, BUNUH AJA YG DIDEPAN MATA, DIA MAFIA KORUPTOR NYA, PENISTA AGAMA PULA, PANGGILAN POPULAR NYA BABI AHOK""";
708,1,	Gimana dgn Sumber waras.. Trans Jakarta ko jokowi diem ajah.... Harusnya si kutil babi ahok di ganyang";
709,1,	Muka Si BABi Ahok Tuh Yg Mirip SERBET Lantai....@basuki_btp...";
710,1,	""Betul bang hancurkan merka bang, musnahkan china babi dibumi pertiwi indonesia, berkedok reklamasi itu ahok""";
711,1,	""Sapa Yg bilang Ahok anti korupsi!?, klo grombolannyA NGOMONG gtu wajar, AHOK ITU MAFIA KORUPTOR SANG PENISTA AGAMA YG DILINDUNGI ISTANA PKI""";
712,1,	""Gw juga ngimpi SENTILIN BIJI BABI AHOK, pcetar Pcetar, langsung kejang2 die, ngadu ke Jkw, Jkw: makanye sunat dulu, bru NGOMONG Almaidah.""";
713,1,	Mudah2an gw ketemu sama SI BABI IWAN BOPENG DI TPS nya anjing Ahok";
